Date,Open,High,Low,Close,Volume,OI
2009-09-02 00:00:00,2.5,2.86,2.5,2.86,46601700,0
2009-09-03 00:00:00,3.02,3.24,2.96,3.18,56586724,0
2009-09-04 00:00:00,3.18,3.2,3.0,3.0,10964113,0
2009-09-07 00:00:00,2.92,3.0,2.76,2.82,9223500,0
2009-09-08 00:00:00,2.8,2.9,2.76,2.78,3822003,0
2009-09-09 00:00:00,2.8,3.0,2.76,2.82,9802400,0
2009-09-10 00:00:00,2.86,2.96,2.8,2.82,10231100,0
2009-09-11 00:00:00,2.84,2.88,2.76,2.78,5163700,0
2009-09-14 00:00:00,2.78,2.86,2.68,2.68,4680600,0
2009-09-15 00:00:00,2.7,2.74,2.66,2.7,2012200,0
2009-09-16 00:00:00,2.74,2.76,2.66,2.7,2849700,0
2009-09-17 00:00:00,2.7,2.7,2.62,2.62,2254400,0
2009-09-18 00:00:00,2.64,2.66,2.6,2.62,994100,0
2009-09-21 00:00:00,2.66,2.74,2.64,2.66,2358600,0
2009-09-22 00:00:00,2.68,2.78,2.68,2.74,3878805,0
2009-09-23 00:00:00,2.76,2.86,2.74,2.78,10992200,0
2009-09-24 00:00:00,2.78,2.82,2.76,2.78,2284100,0
2009-09-25 00:00:00,2.78,2.8,2.72,2.72,615500,0
2009-09-28 00:00:00,2.72,2.76,2.68,2.68,544000,0
2009-09-29 00:00:00,2.7,2.76,2.66,2.66,696400,0
2009-09-30 00:00:00,2.66,2.7,2.64,2.7,507000,0
2009-10-01 00:00:00,2.7,2.8,2.7,2.74,1565001,0
2009-10-02 00:00:00,2.74,2.76,2.7,2.76,698400,0
2009-10-05 00:00:00,2.78,2.78,2.7,2.7,408600,0
2009-10-06 00:00:00,2.72,2.8,2.72,2.74,2604300,0
2009-10-07 00:00:00,2.76,2.78,2.72,2.72,720100,0
2009-10-08 00:00:00,2.72,2.8,2.68,2.74,6238000,0
2009-10-09 00:00:00,2.76,2.76,2.72,2.72,1935494,0
2009-10-12 00:00:00,2.72,2.74,2.7,2.7,1182000,0
2009-10-13 00:00:00,2.72,2.82,2.7,2.72,8039200,0
2009-10-14 00:00:00,2.74,2.92,2.62,2.78,22104500,0
2009-10-15 00:00:00,2.88,2.88,2.6,2.64,8348600,0
2009-10-16 00:00:00,2.66,3.0,2.6,2.94,10918300,0
2009-10-19 00:00:00,2.92,3.08,2.88,3.04,17023400,0
2009-10-20 00:00:00,3.08,3.12,2.94,2.96,10003000,0
2009-10-21 00:00:00,3.0,3.02,2.88,2.88,3294000,0
2009-10-22 00:00:00,2.92,2.92,2.82,2.86,1720100,0
2009-10-26 00:00:00,2.88,2.9,2.84,2.86,526100,0
2009-10-27 00:00:00,2.82,2.96,2.82,2.92,2563100,0
2009-10-28 00:00:00,2.96,2.96,2.84,2.84,2081100,0
2009-10-29 00:00:00,2.8,2.88,2.8,2.84,728600,0
2009-10-30 00:00:00,2.88,2.88,2.78,2.8,768900,0
2009-11-02 00:00:00,2.8,2.8,2.74,2.8,653700,0
2009-11-03 00:00:00,2.76,2.84,2.76,2.78,718300,0
2009-11-04 00:00:00,2.78,2.84,2.78,2.84,131400,0
2009-11-05 00:00:00,2.84,2.92,2.84,2.86,719300,0
2009-11-06 00:00:00,2.88,2.88,2.84,2.84,262800,0
2009-11-09 00:00:00,2.84,2.9,2.84,2.88,265500,0
2009-11-10 00:00:00,2.9,2.94,2.86,2.86,894100,0
2009-11-11 00:00:00,2.86,2.92,2.86,2.88,207400,0
2009-11-12 00:00:00,2.88,2.88,2.8,2.84,353800,0
2009-11-13 00:00:00,2.84,2.84,2.8,2.82,267400,0
2009-11-16 00:00:00,2.94,3.24,2.9,3.1,11354000,0
2009-11-17 00:00:00,3.12,3.14,2.96,2.98,3097000,0
2009-11-18 00:00:00,3.0,3.04,2.92,3.0,1104600,0
2009-11-19 00:00:00,3.0,3.06,2.96,2.98,1468900,0
2009-11-20 00:00:00,3.0,3.38,3.0,3.28,12028900,0
2009-11-23 00:00:00,3.28,3.28,3.04,3.08,4558000,0
2009-11-24 00:00:00,3.14,3.2,2.92,2.92,3211900,0
2009-11-25 00:00:00,2.94,3.1,2.94,3.02,1645001,0
2009-11-26 00:00:00,2.98,3.04,2.94,2.94,1287301,0
2009-11-27 00:00:00,2.92,2.96,2.86,2.92,889600,0
2009-11-30 00:00:00,2.92,2.96,2.88,2.88,317500,0
2009-12-01 00:00:00,2.88,2.94,2.88,2.92,151400,0
2009-12-02 00:00:00,2.94,3.0,2.9,2.9,465000,0
2009-12-03 00:00:00,2.9,2.96,2.9,2.92,163500,0
2009-12-04 00:00:00,2.92,2.92,2.92,2.92,27000,0
2009-12-08 00:00:00,2.92,3.02,2.92,2.96,995800,0
2009-12-09 00:00:00,2.98,3.0,2.98,2.98,125000,0
2009-12-11 00:00:00,3.0,3.12,3.0,3.04,2294700,0
2009-12-14 00:00:00,3.08,3.16,3.04,3.04,1242700,0
2009-12-15 00:00:00,3.06,3.06,3.04,3.04,242602,0
2009-12-16 00:00:00,3.04,3.06,3.02,3.02,107000,0
2009-12-17 00:00:00,3.06,3.16,3.04,3.06,1561300,0
2009-12-18 00:00:00,3.06,3.06,3.04,3.06,11200,0
2009-12-21 00:00:00,3.06,3.06,3.06,3.06,189000,0
2009-12-22 00:00:00,3.06,3.08,3.06,3.06,254100,0
2009-12-23 00:00:00,3.06,3.1,3.06,3.06,409000,0
2009-12-24 00:00:00,3.08,3.12,3.08,3.1,315000,0
2009-12-25 00:00:00,3.12,3.12,3.08,3.1,298500,0
2009-12-28 00:00:00,3.12,3.12,3.1,3.1,252400,0
2009-12-29 00:00:00,3.1,3.28,3.1,3.16,3391401,0
2009-12-30 00:00:00,3.16,3.22,3.12,3.12,255200,0
2010-01-04 00:00:00,3.1,3.14,3.1,3.1,379500,0
2010-01-05 00:00:00,3.1,3.12,3.1,3.1,107900,0
2010-01-06 00:00:00,3.1,3.1,3.1,3.1,196100,0
2010-01-07 00:00:00,3.1,3.1,3.08,3.08,158200,0
2010-01-08 00:00:00,3.1,3.2,3.08,3.08,514600,0
2010-01-11 00:00:00,3.1,3.16,3.08,3.1,435300,0
2010-01-12 00:00:00,3.1,3.14,3.08,3.08,234600,0
2010-01-13 00:00:00,3.1,3.14,3.1,3.1,152900,0
2010-01-14 00:00:00,3.12,3.14,3.1,3.1,113200,0
2010-01-15 00:00:00,3.12,3.12,3.08,3.08,81100,0
2010-01-18 00:00:00,3.08,3.1,3.08,3.08,104900,0
2010-01-19 00:00:00,3.12,3.12,3.06,3.1,269400,0
2010-01-20 00:00:00,3.1,3.16,3.08,3.1,652800,0
2010-01-21 00:00:00,3.08,3.12,3.04,3.12,141100,0
2010-01-22 00:00:00,3.08,3.08,3.06,3.06,85500,0
2010-01-25 00:00:00,3.06,3.08,3.06,3.08,129700,0
2010-01-26 00:00:00,3.08,3.1,3.06,3.06,89001,0
2010-01-27 00:00:00,3.06,3.06,3.02,3.02,756500,0
2010-01-28 00:00:00,3.02,3.04,3.0,3.0,491900,0
2010-01-29 00:00:00,3.0,3.04,3.0,3.02,527900,0
2010-02-01 00:00:00,3.02,3.04,3.02,3.02,113500,0
2010-02-02 00:00:00,3.04,3.04,3.02,3.02,100000,0
2010-02-03 00:00:00,3.06,3.06,3.04,3.04,26000,0
2010-02-04 00:00:00,3.06,3.06,3.04,3.04,71000,0
2010-02-05 00:00:00,3.0,3.02,3.0,3.0,249300,0
2010-02-08 00:00:00,3.04,3.1,3.04,3.06,535000,0
2010-02-10 00:00:00,3.06,3.06,3.04,3.04,15000,0
2010-02-11 00:00:00,3.04,3.08,3.04,3.08,42000,0
2010-02-12 00:00:00,3.08,3.08,3.06,3.08,49000,0
2010-02-15 00:00:00,3.06,3.06,3.06,3.06,35003,0
2010-02-16 00:00:00,3.08,3.08,3.06,3.08,2800,0
2010-02-17 00:00:00,3.08,3.08,3.06,3.06,40101,0
2010-02-18 00:00:00,3.12,3.42,3.12,3.34,5322291,0
2010-02-19 00:00:00,3.34,3.46,3.2,3.2,5324100,0
2010-02-22 00:00:00,3.22,3.3,3.16,3.16,1571300,0
2010-02-23 00:00:00,3.16,3.22,3.08,3.14,1115900,0
2010-02-24 00:00:00,3.14,3.2,3.1,3.1,458800,0
2010-02-25 00:00:00,3.18,3.28,3.0,3.04,5671501,0
2010-02-26 00:00:00,3.06,3.08,3.02,3.06,1395700,0
2010-03-02 00:00:00,3.06,3.12,3.06,3.1,683600,0
2010-03-03 00:00:00,3.1,3.12,3.08,3.1,239900,0
2010-03-04 00:00:00,3.08,3.14,3.08,3.1,269300,0
2010-03-05 00:00:00,3.12,3.14,3.08,3.1,648200,0
2010-03-08 00:00:00,3.1,3.12,3.08,3.12,392900,0
2010-03-09 00:00:00,3.1,3.12,3.06,3.06,394100,0
2010-03-10 00:00:00,3.08,3.08,3.06,3.08,11600,0
2010-03-11 00:00:00,3.1,3.1,3.1,3.1,51500,0
2010-03-12 00:00:00,3.08,3.1,3.08,3.08,72100,0
2010-03-15 00:00:00,3.06,3.08,3.02,3.06,118900,0
2010-03-16 00:00:00,3.1,3.16,3.1,3.16,444000,0
2010-03-17 00:00:00,3.14,3.18,3.1,3.16,143500,0
2010-03-18 00:00:00,3.16,3.18,3.14,3.14,177400,0
2010-03-19 00:00:00,3.16,3.3,3.16,3.18,1567900,0
2010-03-22 00:00:00,3.18,3.2,3.16,3.16,568000,0
2010-03-23 00:00:00,3.18,3.22,3.16,3.16,295400,0
2010-03-24 00:00:00,3.2,3.2,3.16,3.16,92700,0
2010-03-25 00:00:00,3.18,3.22,3.14,3.18,808300,0
2010-03-26 00:00:00,3.2,3.22,3.18,3.18,407300,0
2010-03-29 00:00:00,3.18,3.28,3.18,3.22,1476000,0
2010-03-30 00:00:00,3.28,3.32,3.26,3.26,1258000,0
2010-03-31 00:00:00,3.3,3.36,3.26,3.26,583700,0
2010-04-01 00:00:00,3.26,3.28,3.26,3.26,311700,0
2010-04-02 00:00:00,3.28,3.34,3.26,3.28,583400,0
2010-04-05 00:00:00,3.28,3.54,3.28,3.38,3684500,0
2010-04-07 00:00:00,3.5,3.5,3.38,3.4,778300,0
2010-04-08 00:00:00,3.4,3.46,3.32,3.36,670000,0
2010-04-09 00:00:00,3.32,3.36,3.32,3.34,66000,0
2010-04-12 00:00:00,3.2,3.24,3.18,3.2,617200,0
2010-04-16 00:00:00,3.2,3.24,3.2,3.24,117102,0
2010-04-19 00:00:00,3.24,3.24,3.2,3.22,139800,0
2010-04-20 00:00:00,3.22,3.3,3.22,3.3,210000,0
2010-04-21 00:00:00,3.28,3.34,3.24,3.34,205700,0
2010-04-22 00:00:00,3.34,3.4,3.34,3.36,269900,0
2010-04-23 00:00:00,3.34,3.38,3.32,3.34,293600,0
2010-04-26 00:00:00,3.06,3.3,3.0,3.3,731100,0
2010-04-27 00:00:00,3.16,3.18,3.1,3.1,320200,0
2010-04-28 00:00:00,3.08,3.12,3.08,3.08,38200,0
2010-04-29 00:00:00,3.1,3.12,3.1,3.12,29900,0
2010-04-30 00:00:00,3.08,3.1,3.08,3.1,9300,0
2010-05-04 00:00:00,3.12,3.14,3.12,3.14,258698,0
2010-05-06 00:00:00,3.16,3.18,3.14,3.16,343100,0
2010-05-07 00:00:00,3.14,3.14,3.12,3.12,101400,0
2010-05-10 00:00:00,3.16,3.16,3.14,3.14,37800,0
2010-05-11 00:00:00,3.14,3.14,3.12,3.12,140300,0
2010-05-12 00:00:00,3.14,3.16,3.12,3.12,28000,0
2010-05-13 00:00:00,3.16,3.16,3.12,3.12,70100,0
2010-05-14 00:00:00,3.1,3.12,3.08,3.1,112000,0
2010-05-17 00:00:00,3.04,3.08,3.04,3.08,613100,0
2010-05-18 00:00:00,3.08,3.08,3.06,3.06,24500,0
2010-05-19 00:00:00,3.1,3.1,3.06,3.06,11700,0
2010-05-24 00:00:00,3.06,3.08,3.06,3.06,163700,0
2010-05-25 00:00:00,3.06,3.06,2.96,3.04,57200,0
2010-05-26 00:00:00,3.02,3.02,3.0,3.0,118000,0
2010-05-27 00:00:00,2.98,3.0,2.98,3.0,23600,0
2010-05-31 00:00:00,3.02,3.02,3.02,3.02,2500,0
2010-06-01 00:00:00,3.02,3.02,3.0,3.02,11100,0
2010-06-02 00:00:00,3.02,3.08,3.0,3.0,97700,0
2010-06-03 00:00:00,3.04,3.1,3.04,3.06,183400,0
2010-06-04 00:00:00,3.06,3.06,3.04,3.06,16100,0
2010-06-07 00:00:00,3.06,3.3,3.02,3.08,1133300,0
2010-06-08 00:00:00,3.1,3.14,3.1,3.1,330400,0
2010-06-09 00:00:00,3.14,3.18,3.08,3.1,479800,0
2010-06-10 00:00:00,3.1,3.2,3.1,3.12,2267800,0
2010-06-11 00:00:00,3.14,3.14,3.06,3.06,361800,0
2010-06-14 00:00:00,3.06,3.1,3.0,3.06,473700,0
2010-06-15 00:00:00,3.1,3.1,3.06,3.08,678000,0
2010-06-16 00:00:00,3.08,3.12,3.06,3.06,1748700,0
2010-06-17 00:00:00,3.1,3.1,3.04,3.08,331500,0
2010-06-18 00:00:00,3.1,3.1,3.06,3.08,136900,0
2010-06-21 00:00:00,3.06,3.1,2.98,3.04,2112800,0
2010-06-22 00:00:00,3.04,3.08,3.04,3.04,51700,0
2010-06-23 00:00:00,3.06,3.1,3.02,3.06,395000,0
2010-06-24 00:00:00,3.08,3.08,3.04,3.08,184600,0
2010-06-25 00:00:00,3.06,3.1,3.04,3.06,356600,0
2010-06-28 00:00:00,3.1,3.1,3.06,3.06,20500,0
2010-06-29 00:00:00,3.08,3.1,3.04,3.06,68100,0
2010-06-30 00:00:00,3.08,3.08,3.04,3.04,11800,0
2010-07-02 00:00:00,3.04,3.12,3.04,3.06,871000,0
2010-07-05 00:00:00,3.06,3.14,3.06,3.12,392700,0
2010-07-06 00:00:00,3.12,3.14,3.06,3.06,283900,0
2010-07-07 00:00:00,3.08,3.1,3.08,3.1,2400,0
2010-07-08 00:00:00,3.08,3.1,3.08,3.1,14500,0
2010-07-09 00:00:00,3.1,3.2,3.08,3.08,812200,0
2010-07-12 00:00:00,3.12,3.12,3.08,3.08,39600,0
2010-07-13 00:00:00,3.08,3.1,3.08,3.08,107600,0
2010-07-14 00:00:00,3.08,3.12,3.08,3.12,143000,0
2010-07-15 00:00:00,3.12,3.12,3.1,3.12,9600,0
2010-07-16 00:00:00,3.12,3.12,3.1,3.1,34000,0
2010-07-19 00:00:00,3.1,3.1,3.08,3.1,648000,0
2010-07-20 00:00:00,3.12,3.16,3.08,3.08,315000,0
2010-07-21 00:00:00,3.08,3.12,3.08,3.12,89400,0
2010-07-22 00:00:00,3.14,3.2,3.12,3.14,642500,0
2010-07-23 00:00:00,3.18,3.18,3.12,3.14,73900,0
2010-07-27 00:00:00,3.16,3.16,3.12,3.12,108400,0
2010-07-28 00:00:00,3.12,3.16,3.1,3.12,92200,0
2010-07-29 00:00:00,3.1,3.2,3.1,3.14,225400,0
2010-07-30 00:00:00,3.14,3.22,3.12,3.16,792500,0
2010-08-02 00:00:00,3.16,3.26,3.16,3.2,874800,0
2010-08-03 00:00:00,3.22,3.28,3.22,3.28,657000,0
2010-08-04 00:00:00,3.5,3.5,3.32,3.44,2667300,0
2010-08-05 00:00:00,3.48,3.48,3.4,3.4,735400,0
2010-08-06 00:00:00,3.32,3.38,3.32,3.38,223300,0
2010-08-09 00:00:00,3.32,3.36,3.22,3.26,344400,0
2010-08-10 00:00:00,3.24,3.24,3.16,3.24,215700,0
2010-08-11 00:00:00,3.24,3.24,3.14,3.16,549000,0
2010-08-16 00:00:00,3.16,3.18,3.12,3.12,153600,0
2010-08-17 00:00:00,3.12,3.24,3.12,3.16,370600,0
2010-08-18 00:00:00,3.16,3.16,3.16,3.16,35600,0
2010-08-19 00:00:00,3.16,3.16,3.16,3.16,26500,0
2010-08-20 00:00:00,3.16,3.26,3.16,3.26,361800,0
2010-08-23 00:00:00,3.24,3.24,3.16,3.16,65300,0
2010-08-24 00:00:00,3.18,3.24,3.18,3.24,206000,0
2010-08-25 00:00:00,3.24,3.24,3.18,3.18,349400,0
2010-08-26 00:00:00,3.2,3.24,3.2,3.2,250100,0
2010-08-27 00:00:00,3.18,3.22,3.18,3.18,79900,0
2010-08-30 00:00:00,3.18,3.2,3.18,3.2,263300,0
2010-08-31 00:00:00,3.2,3.22,3.2,3.22,150100,0
2010-09-01 00:00:00,3.22,3.22,3.18,3.18,189100,0
2010-09-02 00:00:00,3.2,3.2,3.2,3.2,10000,0
2010-09-03 00:00:00,3.18,3.22,3.18,3.18,54000,0
2010-09-06 00:00:00,3.2,3.24,3.2,3.2,148800,0
2010-09-07 00:00:00,3.2,3.2,3.16,3.2,84500,0
2010-09-08 00:00:00,3.22,3.24,3.2,3.2,136300,0
2010-09-09 00:00:00,3.22,3.22,3.2,3.2,29400,0
2010-09-10 00:00:00,3.22,3.22,3.2,3.2,111300,0
2010-09-13 00:00:00,3.22,3.24,3.22,3.22,13400,0
2010-09-14 00:00:00,3.22,3.3,3.2,3.26,211300,0
2010-09-15 00:00:00,3.26,3.26,3.1,3.26,82700,0
2010-09-16 00:00:00,3.26,3.26,3.24,3.24,19100,0
2010-09-17 00:00:00,3.2,3.24,3.2,3.22,12400,0
2010-09-20 00:00:00,3.22,3.24,3.22,3.22,40500,0
2010-09-21 00:00:00,3.2,3.22,3.18,3.22,44000,0
2010-09-22 00:00:00,3.2,3.22,3.2,3.22,110000,0
2010-09-23 00:00:00,3.22,3.22,3.22,3.22,10100,0
2010-09-24 00:00:00,3.28,3.28,3.28,3.28,600,0
2010-09-27 00:00:00,3.26,3.26,3.2,3.2,52200,0
2010-09-28 00:00:00,3.24,3.24,3.24,3.24,22500,0
2010-09-29 00:00:00,3.2,3.2,3.2,3.2,22500,0
2010-09-30 00:00:00,3.2,3.2,3.2,3.2,62600,0
2010-10-01 00:00:00,3.22,3.22,3.22,3.22,10000,0
2010-10-04 00:00:00,3.2,3.2,3.12,3.14,598200,0
2010-10-05 00:00:00,3.16,3.16,3.14,3.16,120000,0
2010-10-06 00:00:00,3.16,3.22,3.16,3.22,2700,0
2010-10-07 00:00:00,3.22,3.22,3.18,3.18,13100,0
2010-10-11 00:00:00,3.16,3.22,3.14,3.22,249000,0
2010-10-12 00:00:00,3.22,3.22,3.16,3.16,53000,0
2010-10-13 00:00:00,3.22,3.24,3.16,3.22,149700,0
2010-10-14 00:00:00,3.22,3.22,3.22,3.22,9000,0
2010-10-15 00:00:00,3.22,3.24,3.2,3.24,156100,0
2010-10-19 00:00:00,3.18,3.18,3.18,3.18,15000,0
2010-10-20 00:00:00,3.24,3.3,3.18,3.18,18000,0
2010-10-21 00:00:00,3.2,3.2,3.18,3.18,12800,0
2010-10-22 00:00:00,3.22,3.22,3.2,3.22,62900,0
2010-10-26 00:00:00,3.24,3.24,3.24,3.24,29000,0
2010-10-27 00:00:00,3.2,3.22,3.2,3.22,262400,0
2010-10-28 00:00:00,3.24,3.3,3.22,3.26,275500,0
2010-10-29 00:00:00,3.28,3.32,3.26,3.26,480000,0
2010-11-01 00:00:00,3.24,3.26,3.22,3.24,390900,0
2010-11-02 00:00:00,3.2,3.24,3.2,3.24,18700,0
2010-11-03 00:00:00,3.2,3.24,3.18,3.24,307500,0
2010-11-04 00:00:00,3.2,3.24,3.18,3.22,355200,0
2010-11-05 00:00:00,3.18,3.2,3.18,3.2,303000,0
2010-11-09 00:00:00,3.24,3.24,3.2,3.2,301400,0
2010-11-10 00:00:00,3.2,3.2,3.2,3.2,260000,0
2010-11-11 00:00:00,3.2,3.28,3.16,3.22,610300,0
2010-11-12 00:00:00,3.2,3.2,3.14,3.14,151000,0
2010-11-15 00:00:00,3.24,3.24,3.14,3.14,1200,0
2010-11-16 00:00:00,3.16,3.16,3.14,3.14,70000,0
2010-11-17 00:00:00,3.14,3.14,3.1,3.1,132100,0
2010-11-18 00:00:00,3.12,3.2,3.1,3.2,192100,0
2010-11-19 00:00:00,3.14,3.14,3.14,3.14,154000,0
2010-11-22 00:00:00,3.28,3.28,3.14,3.14,23000,0
2010-11-23 00:00:00,3.16,3.18,3.16,3.18,25500,0
2010-11-24 00:00:00,3.1,3.12,3.1,3.12,80000,0
2010-11-25 00:00:00,3.14,3.16,3.12,3.16,71300,0
2010-11-26 00:00:00,3.1,3.14,3.1,3.14,40000,0
2010-11-29 00:00:00,3.1,3.1,3.1,3.1,100,0
2010-12-01 00:00:00,3.08,3.22,3.08,3.22,121600,0
2010-12-02 00:00:00,3.12,3.16,3.1,3.16,31400,0
2010-12-07 00:00:00,3.2,3.2,3.2,3.2,90000,0
2010-12-09 00:00:00,3.14,3.18,3.14,3.18,8300,0
2010-12-15 00:00:00,3.18,3.2,3.14,3.2,38800,0
2010-12-16 00:00:00,3.16,3.18,3.16,3.18,20000,0
2010-12-17 00:00:00,3.18,3.18,3.18,3.18,20000,0
2010-12-20 00:00:00,3.18,3.28,3.16,3.24,290000,0
2010-12-21 00:00:00,3.26,3.26,3.06,3.2,162400,0
2010-12-23 00:00:00,3.12,3.14,3.12,3.14,22400,0
2010-12-24 00:00:00,3.18,3.18,3.18,3.18,1000,0
2010-12-27 00:00:00,3.16,3.18,3.16,3.18,21100,0
2010-12-29 00:00:00,3.12,3.12,3.12,3.12,100,0
2011-01-04 00:00:00,3.12,3.14,3.1,3.12,48000,0
2011-01-05 00:00:00,3.12,3.14,3.12,3.12,28000,0
2011-01-06 00:00:00,3.14,3.14,3.14,3.14,100000,0
2011-01-07 00:00:00,3.1,3.14,3.1,3.14,41000,0
2011-01-10 00:00:00,3.28,3.28,3.18,3.2,31900,0
2011-01-11 00:00:00,3.16,3.18,3.16,3.16,29500,0
2011-01-12 00:00:00,3.18,3.2,3.18,3.2,70000,0
2011-01-13 00:00:00,3.16,3.16,3.16,3.16,10000,0
2011-01-14 00:00:00,3.16,3.16,3.16,3.16,17000,0
2011-01-17 00:00:00,3.2,3.22,3.18,3.18,153000,0
2011-01-18 00:00:00,3.18,3.2,3.18,3.18,66100,0
2011-01-20 00:00:00,3.16,3.16,3.16,3.16,20000,0
2011-01-21 00:00:00,3.2,3.22,3.18,3.2,81300,0
2011-01-24 00:00:00,3.18,3.18,3.12,3.14,24000,0
2011-01-25 00:00:00,3.16,3.22,3.16,3.22,11200,0
2011-01-27 00:00:00,3.22,3.24,3.18,3.18,6000,0
2011-01-28 00:00:00,3.18,3.18,3.18,3.18,5000,0
2011-02-01 00:00:00,3.18,3.18,3.16,3.18,717000,0
2011-02-02 00:00:00,3.34,3.34,3.34,3.34,1600,0
2011-02-04 00:00:00,3.2,3.2,3.2,3.2,10000,0
2011-02-07 00:00:00,3.2,3.2,3.2,3.2,5000,0
2011-02-09 00:00:00,3.18,3.2,3.18,3.2,5800,0
2011-02-14 00:00:00,3.3,3.3,3.28,3.3,91600,0
2011-02-15 00:00:00,3.26,3.28,3.26,3.28,270000,0
2011-02-16 00:00:00,3.28,3.28,3.28,3.28,183100,0
2011-02-17 00:00:00,3.26,3.26,3.26,3.26,98100,0
2011-02-21 00:00:00,3.26,3.3,3.26,3.28,38600,0
2011-02-22 00:00:00,3.3,3.3,3.24,3.26,120000,0
2011-02-23 00:00:00,3.42,3.42,3.32,3.32,624200,0
2011-02-24 00:00:00,3.36,3.38,3.3,3.3,85300,0
2011-02-25 00:00:00,3.3,3.32,3.24,3.3,24700,0
2011-02-28 00:00:00,3.32,3.32,3.2,3.2,26500,0
2011-03-01 00:00:00,3.22,3.28,3.22,3.28,7400,0
2011-03-02 00:00:00,3.28,3.28,3.28,3.28,5900,0
2011-03-03 00:00:00,3.28,3.28,3.24,3.28,209600,0
2011-03-04 00:00:00,3.28,3.28,3.24,3.24,157100,0
2011-03-07 00:00:00,3.28,3.28,3.26,3.28,58500,0
2011-03-08 00:00:00,3.3,3.3,3.3,3.3,30700,0
2011-03-09 00:00:00,3.28,3.28,3.28,3.28,41700,0
2011-03-10 00:00:00,3.28,3.28,3.28,3.28,300,0
2011-03-11 00:00:00,3.3,3.4,3.3,3.3,44500,0
2011-03-14 00:00:00,3.32,3.32,3.3,3.32,835600,0
2011-03-15 00:00:00,3.3,3.3,3.28,3.3,456400,0
2011-03-16 00:00:00,3.3,3.3,3.26,3.28,82100,0
2011-03-17 00:00:00,3.28,3.28,3.28,3.28,6600,0
2011-03-18 00:00:00,3.3,3.3,3.28,3.3,501300,0
2011-03-21 00:00:00,3.38,3.38,3.3,3.3,503100,0
2011-03-22 00:00:00,3.32,3.32,3.3,3.3,10100,0
2011-03-23 00:00:00,3.36,3.36,3.32,3.32,527300,0
2011-03-24 00:00:00,3.32,3.32,3.32,3.32,33000,0
2011-03-25 00:00:00,3.3,3.38,3.3,3.38,94000,0
2011-03-28 00:00:00,3.3,3.38,3.3,3.38,500,0
2011-03-30 00:00:00,3.32,3.38,3.32,3.38,24400,0
2011-03-31 00:00:00,3.4,3.4,3.36,3.36,17100,0
2011-04-01 00:00:00,3.38,3.4,3.32,3.38,128800,0
2011-04-04 00:00:00,3.34,3.38,3.34,3.36,31200,0
2011-04-05 00:00:00,3.34,3.34,3.32,3.32,20000,0
2011-04-07 00:00:00,3.36,3.36,3.34,3.34,12200,0
2011-04-08 00:00:00,3.34,3.36,3.32,3.32,25900,0
2011-04-11 00:00:00,3.36,3.36,3.34,3.36,5700,0
2011-04-12 00:00:00,3.38,3.38,3.36,3.38,36600,0
2011-04-18 00:00:00,3.4,3.4,3.36,3.38,28400,0
2011-04-19 00:00:00,3.38,3.44,3.38,3.44,26700,0
2011-04-20 00:00:00,3.46,3.5,3.4,3.5,116800,0
2011-04-21 00:00:00,3.54,3.58,3.5,3.54,404500,0
2011-04-22 00:00:00,3.5,3.52,3.5,3.5,23300,0
2011-04-25 00:00:00,3.52,3.54,3.44,3.44,87200,0
2011-04-26 00:00:00,3.5,3.5,3.5,3.5,1028400,0
2011-04-27 00:00:00,3.5,3.5,3.5,3.5,35600,0
2011-04-28 00:00:00,3.5,3.5,3.48,3.48,267500,0
2011-04-29 00:00:00,3.5,3.5,3.48,3.48,77800,0
2011-05-03 00:00:00,3.48,3.48,3.42,3.48,302000,0
2011-05-04 00:00:00,2.7,2.8,2.7,2.76,431300,0
2011-05-06 00:00:00,2.76,2.76,2.74,2.74,40900,0
2011-05-09 00:00:00,2.76,2.78,2.7,2.74,11400,0
2011-05-10 00:00:00,2.7,2.72,2.68,2.7,61400,0
2011-05-11 00:00:00,2.72,2.8,2.68,2.76,877000,0
2011-05-12 00:00:00,2.76,2.76,2.68,2.7,258700,0
2011-05-13 00:00:00,2.7,2.7,2.7,2.7,30000,0
2011-05-18 00:00:00,2.5,2.76,2.5,2.76,83200,0
2011-05-19 00:00:00,2.72,2.72,2.66,2.72,13200,0
2011-05-20 00:00:00,2.72,2.72,2.62,2.68,76900,0
2011-05-23 00:00:00,2.44,2.76,2.44,2.66,10000,0
2011-05-24 00:00:00,2.66,2.68,2.66,2.68,18700,0
2011-05-26 00:00:00,2.68,2.72,2.68,2.7,17900,0
2011-05-27 00:00:00,2.72,2.8,2.68,2.68,53800,0
2011-05-30 00:00:00,2.7,2.7,2.68,2.68,100300,0
2011-05-31 00:00:00,2.7,2.72,2.7,2.7,28900,0
2011-06-01 00:00:00,2.68,2.8,2.68,2.72,760700,0
2011-06-02 00:00:00,2.74,2.78,2.72,2.72,22900,0
2011-06-03 00:00:00,2.74,2.74,2.72,2.74,75000,0
2011-06-06 00:00:00,2.74,2.74,2.72,2.72,62900,0
2011-06-07 00:00:00,2.72,2.72,2.72,2.72,22800,0
2011-06-08 00:00:00,2.72,2.72,2.64,2.68,208800,0
2011-06-09 00:00:00,2.64,2.68,2.64,2.64,385900,0
2011-06-10 00:00:00,2.7,2.7,2.66,2.66,61500,0
2011-06-13 00:00:00,2.68,2.7,2.66,2.66,19500,0
2011-06-14 00:00:00,2.68,2.7,2.68,2.68,16100,0
2011-06-15 00:00:00,2.68,2.68,2.66,2.66,39800,0
2011-06-16 00:00:00,2.68,2.68,2.64,2.64,97200,0
2011-06-17 00:00:00,2.64,2.66,2.64,2.66,10900,0
2011-06-20 00:00:00,2.62,2.68,2.62,2.68,10400,0
2011-06-21 00:00:00,2.68,2.68,2.68,2.68,5000,0
2011-06-22 00:00:00,2.72,2.74,2.68,2.68,16100,0
2011-06-23 00:00:00,2.68,2.68,2.68,2.68,25900,0
2011-06-24 00:00:00,2.66,2.7,2.66,2.66,33500,0
2011-06-28 00:00:00,2.72,2.72,2.66,2.68,33500,0
2011-06-29 00:00:00,2.68,2.68,2.68,2.68,29900,0
2011-06-30 00:00:00,2.7,2.7,2.68,2.68,16300,0
2011-07-04 00:00:00,2.72,2.72,2.68,2.7,8300,0
2011-07-05 00:00:00,2.7,2.7,2.7,2.7,24100,0
2011-07-06 00:00:00,2.68,2.72,2.68,2.68,125000,0
2011-07-07 00:00:00,2.7,2.72,2.7,2.7,121600,0
2011-07-08 00:00:00,2.7,2.7,2.68,2.68,150200,0
2011-07-11 00:00:00,2.74,2.74,2.68,2.68,138700,0
2011-07-12 00:00:00,2.7,2.7,2.68,2.68,41200,0
2011-07-13 00:00:00,2.7,2.7,2.68,2.68,90100,0
2011-07-14 00:00:00,2.7,2.7,2.66,2.68,216700,0
2011-07-18 00:00:00,2.68,2.68,2.68,2.68,101000,0
2011-07-19 00:00:00,2.68,2.68,2.68,2.68,29000,0
2011-07-20 00:00:00,2.68,2.68,2.68,2.68,40000,0
2011-07-21 00:00:00,2.78,2.78,2.7,2.7,1700,0
2011-07-22 00:00:00,2.7,2.7,2.7,2.7,65500,0
2011-07-25 00:00:00,2.7,2.7,2.68,2.68,261000,0
2011-07-26 00:00:00,2.68,2.68,2.68,2.68,5600,0
2011-07-27 00:00:00,2.68,2.68,2.68,2.68,216000,0
2011-07-28 00:00:00,2.68,2.68,2.68,2.68,112400,0
2011-07-29 00:00:00,2.68,2.68,2.68,2.68,117800,0
2011-08-01 00:00:00,2.68,2.68,2.68,2.68,40000,0
2011-08-02 00:00:00,2.68,2.68,2.68,2.68,77000,0
2011-08-03 00:00:00,2.68,2.68,2.68,2.68,80000,0
2011-08-04 00:00:00,2.72,2.72,2.66,2.66,20200,0
2011-08-05 00:00:00,2.66,2.66,2.64,2.64,86800,0
2011-08-08 00:00:00,2.64,2.64,2.64,2.64,58400,0
2011-08-09 00:00:00,2.64,2.64,2.64,2.64,19700,0
2011-08-10 00:00:00,2.66,2.66,2.6,2.6,165000,0
2011-08-11 00:00:00,2.6,2.62,2.6,2.6,146100,0
2011-08-16 00:00:00,2.74,2.74,2.62,2.62,18300,0
2011-08-17 00:00:00,2.64,2.64,2.62,2.62,16800,0
2011-08-19 00:00:00,2.6,2.6,2.6,2.6,107500,0
2011-08-22 00:00:00,2.6,2.62,2.6,2.6,120300,0
2011-08-23 00:00:00,2.6,2.6,2.6,2.6,102500,0
2011-08-24 00:00:00,2.6,2.6,2.6,2.6,162500,0
2011-08-25 00:00:00,2.6,2.6,2.56,2.56,121500,0
2011-08-26 00:00:00,2.56,2.56,2.56,2.56,800,0
2011-08-29 00:00:00,2.58,2.58,2.56,2.58,128000,0
2011-08-30 00:00:00,2.6,2.6,2.6,2.6,10000,0
2011-08-31 00:00:00,2.62,2.62,2.62,2.62,60100,0
2011-09-05 00:00:00,2.58,2.58,2.58,2.58,6000,0
2011-09-06 00:00:00,2.58,2.58,2.56,2.58,15000,0
2011-09-09 00:00:00,2.56,2.56,2.56,2.56,3000,0
2011-09-12 00:00:00,2.56,2.56,2.56,2.56,3700,0
2011-09-13 00:00:00,2.56,2.56,2.52,2.52,100300,0
2011-09-14 00:00:00,2.52,2.58,2.52,2.58,53500,0
2011-09-15 00:00:00,2.54,2.56,2.54,2.56,132000,0
2011-09-20 00:00:00,2.56,2.56,2.56,2.56,40000,0
2011-09-22 00:00:00,2.6,2.6,2.46,2.6,145100,0
2011-09-23 00:00:00,2.5,2.6,2.44,2.6,78100,0
2011-09-26 00:00:00,2.4,2.4,2.38,2.38,15000,0
2011-09-27 00:00:00,2.4,2.42,2.3,2.4,70900,0
2011-09-28 00:00:00,2.34,2.34,2.34,2.34,10000,0
2011-09-29 00:00:00,2.36,2.36,2.34,2.34,29000,0
2011-09-30 00:00:00,2.34,2.34,2.34,2.34,10000,0
2011-10-07 00:00:00,2.22,2.3,2.22,2.3,10000,0
2011-10-12 00:00:00,2.18,2.22,2.18,2.22,4800,0
2011-10-13 00:00:00,2.4,2.6,2.4,2.6,8400,0
2011-10-27 00:00:00,2.24,2.58,2.24,2.56,510100,0
2011-10-31 00:00:00,2.58,2.58,2.52,2.54,402200,0
2011-11-01 00:00:00,2.58,2.58,2.58,2.58,10100,0
2011-11-04 00:00:00,2.58,2.58,2.58,2.58,10000,0
2011-11-08 00:00:00,2.58,2.58,2.58,2.58,15000,0
2011-11-11 00:00:00,2.52,2.52,2.28,2.28,800,0
2011-11-16 00:00:00,2.58,2.58,2.46,2.46,2500,0
2011-11-17 00:00:00,2.54,2.56,2.4,2.54,42100,0
2011-11-18 00:00:00,2.42,2.42,2.42,2.42,400,0
2011-11-22 00:00:00,2.54,2.54,2.54,2.54,200,0
2011-11-23 00:00:00,2.54,2.54,2.46,2.46,3900,0
2011-11-24 00:00:00,2.48,2.48,2.46,2.46,107500,0
2011-11-25 00:00:00,2.48,2.5,2.48,2.5,11000,0
2011-11-28 00:00:00,2.5,2.5,2.5,2.5,5200,0
2011-11-29 00:00:00,2.16,2.48,2.16,2.48,400,0
2011-12-01 00:00:00,2.5,2.5,2.38,2.4,500,0
2011-12-02 00:00:00,2.38,2.5,2.34,2.44,39200,0
2011-12-06 00:00:00,2.42,2.5,2.3,2.5,5400,0
2011-12-07 00:00:00,2.5,2.52,2.36,2.44,16400,0
2011-12-08 00:00:00,2.44,2.46,2.42,2.42,10700,0
2011-12-09 00:00:00,2.46,2.46,2.44,2.44,900,0
2011-12-13 00:00:00,2.44,2.5,2.44,2.5,4200,0
2011-12-14 00:00:00,2.52,2.52,2.38,2.38,200,0
2011-12-15 00:00:00,2.46,2.46,2.46,2.46,100,0
2011-12-16 00:00:00,2.02,2.02,2.02,2.02,100,0
2011-12-27 00:00:00,2.32,2.32,2.3,2.3,45000,0
2012-01-05 00:00:00,2.44,2.52,2.32,2.5,2100,0
2012-01-09 00:00:00,2.5,2.5,2.34,2.34,2100,0
2012-01-11 00:00:00,2.44,2.48,2.4,2.4,12700,0
2012-01-12 00:00:00,2.52,2.52,2.32,2.34,3100,0
2012-01-19 00:00:00,2.34,2.58,2.34,2.48,23300,0
2012-01-20 00:00:00,2.4,2.4,2.4,2.4,100,0
2012-01-24 00:00:00,2.5,2.5,2.5,2.5,100,0
2012-01-25 00:00:00,2.5,2.52,2.42,2.42,15100,0
2012-01-26 00:00:00,2.5,2.5,2.5,2.5,10000,0
2012-01-27 00:00:00,2.5,2.5,2.5,2.5,31400,0
2012-01-30 00:00:00,2.58,2.58,2.4,2.5,40700,0
2012-01-31 00:00:00,2.4,2.48,2.4,2.48,10100,0
2012-02-01 00:00:00,2.5,2.5,2.4,2.48,30400,0
2012-02-02 00:00:00,2.5,2.5,2.4,2.46,25800,0
2012-02-03 00:00:00,2.46,2.5,2.46,2.48,22500,0
2012-02-06 00:00:00,2.58,2.58,2.38,2.38,600,0
2012-02-09 00:00:00,2.5,2.5,2.5,2.5,10000,0
2012-02-10 00:00:00,2.5,2.58,2.42,2.52,50600,0
2012-02-13 00:00:00,2.5,2.52,2.48,2.48,40300,0
2012-02-14 00:00:00,2.48,2.48,2.44,2.48,20200,0
2012-02-15 00:00:00,2.38,2.52,2.32,2.44,3200,0
2012-02-16 00:00:00,2.6,2.6,2.38,2.5,20300,0
2012-02-17 00:00:00,2.46,2.5,2.46,2.48,39800,0
2012-02-20 00:00:00,2.5,2.5,2.48,2.48,60300,0
2012-02-21 00:00:00,2.5,2.52,2.5,2.52,48600,0
2012-02-22 00:00:00,2.6,2.6,2.42,2.5,20300,0
2012-02-23 00:00:00,2.5,2.6,2.48,2.48,20300,0
2012-02-24 00:00:00,2.5,2.5,2.42,2.5,35300,0
2012-02-27 00:00:00,2.6,2.6,2.4,2.5,40900,0
2012-02-28 00:00:00,2.5,2.5,2.48,2.48,70300,0
2012-02-29 00:00:00,2.5,2.52,2.5,2.5,10600,0
2012-03-01 00:00:00,2.5,2.5,2.5,2.5,127000,0
2012-03-02 00:00:00,2.5,2.56,2.5,2.56,2000,0
2012-03-05 00:00:00,2.56,2.56,2.56,2.56,700,0
2012-03-06 00:00:00,2.5,2.5,2.5,2.5,400,0
2012-03-09 00:00:00,2.5,2.54,2.5,2.54,10100,0
2012-03-12 00:00:00,2.56,2.56,2.56,2.56,100,0
2012-03-13 00:00:00,2.48,2.48,2.48,2.48,100,0
2012-03-14 00:00:00,2.54,2.54,2.54,2.54,100,0
2012-03-19 00:00:00,2.56,2.56,2.56,2.56,400,0
2012-03-20 00:00:00,2.56,2.66,2.52,2.52,265100,0
2012-04-03 00:00:00,2.54,2.54,2.54,2.54,10000,0
2012-04-04 00:00:00,2.54,2.54,2.54,2.54,3600,0
2012-04-12 00:00:00,2.56,2.56,2.56,2.56,5000,0
2012-04-19 00:00:00,2.48,2.48,2.44,2.44,5300,0
2012-04-24 00:00:00,2.44,2.5,2.44,2.5,349600,0
2012-04-25 00:00:00,2.5,2.5,2.46,2.5,245000,0
2012-04-27 00:00:00,2.46,2.46,2.46,2.46,2800,0
2012-05-02 00:00:00,2.5,2.52,2.5,2.52,19500,0
2012-05-03 00:00:00,2.54,2.54,2.48,2.48,7200,0
2012-05-04 00:00:00,2.48,2.54,2.48,2.52,39900,0
2012-05-08 00:00:00,2.4,2.42,2.4,2.42,12000,0
2012-05-09 00:00:00,2.48,2.5,2.44,2.44,117100,0
2012-05-11 00:00:00,2.44,2.44,2.42,2.42,1000,0
2012-05-14 00:00:00,2.34,2.34,2.34,2.34,100,0
2012-05-16 00:00:00,2.5,2.5,2.5,2.5,100,0
2012-05-23 00:00:00,2.42,2.42,2.38,2.38,12200,0
2012-05-25 00:00:00,2.3,2.4,2.3,2.36,12100,0
2012-05-29 00:00:00,2.36,2.36,2.34,2.34,20000,0
2012-05-31 00:00:00,2.3,2.3,2.3,2.3,15500,0
2012-06-01 00:00:00,2.38,2.38,2.32,2.34,29900,0
2012-06-05 00:00:00,2.32,2.32,2.32,2.32,13000,0
2012-06-13 00:00:00,2.34,2.34,2.34,2.34,1000,0
2012-06-18 00:00:00,2.32,2.32,2.32,2.32,1100,0
2012-06-21 00:00:00,2.36,2.36,2.36,2.36,13000,0
2012-06-22 00:00:00,2.36,2.36,2.36,2.36,2500,0
2012-06-26 00:00:00,2.44,2.44,2.44,2.44,100,0
2012-06-29 00:00:00,2.32,2.32,2.32,2.32,1000,0
2012-07-03 00:00:00,2.34,2.34,2.34,2.34,500,0
2012-07-04 00:00:00,2.34,2.34,2.34,2.34,3500,0
2012-07-05 00:00:00,2.34,2.34,2.34,2.34,100,0
2012-07-10 00:00:00,2.36,2.36,2.36,2.36,3000,0
2012-07-16 00:00:00,2.34,2.34,2.32,2.32,10300,0
2012-07-18 00:00:00,2.34,2.34,2.34,2.34,200,0
2012-07-19 00:00:00,2.34,2.34,2.32,2.32,4300,0
2012-07-23 00:00:00,2.54,2.54,2.54,2.54,100,0
2012-07-24 00:00:00,2.5,2.5,2.34,2.38,54000,0
2012-07-26 00:00:00,2.46,2.48,2.32,2.34,9900,0
2012-07-30 00:00:00,2.32,2.32,2.32,2.32,2900,0
2012-08-01 00:00:00,2.38,2.38,2.38,2.38,100,0
2012-08-03 00:00:00,2.38,2.38,2.3,2.34,37700,0
2012-08-07 00:00:00,2.38,2.38,2.38,2.38,1000,0
2012-08-10 00:00:00,2.32,2.32,2.3,2.3,6200,0
2012-08-14 00:00:00,2.3,2.3,2.3,2.3,500,0
2012-08-16 00:00:00,2.32,2.32,2.3,2.3,25300,0
2012-08-17 00:00:00,2.32,2.32,2.3,2.3,10500,0
2012-08-21 00:00:00,2.3,2.32,2.3,2.32,200,0
2012-08-22 00:00:00,2.46,2.46,2.3,2.3,31100,0
2012-08-30 00:00:00,2.3,2.3,2.3,2.3,500,0
2012-09-04 00:00:00,2.28,2.34,2.28,2.34,2200,0
2012-09-05 00:00:00,2.32,2.32,2.32,2.32,1900,0
2012-09-06 00:00:00,2.4,2.4,2.4,2.4,500,0
2012-09-12 00:00:00,2.34,2.46,2.34,2.46,300,0
2012-09-14 00:00:00,2.34,2.34,2.34,2.34,700,0
2012-10-02 00:00:00,2.46,2.46,2.46,2.46,70000,0
2012-10-03 00:00:00,2.4,2.4,2.4,2.4,700,0
2012-10-04 00:00:00,2.5,2.5,2.5,2.5,5000,0
2012-10-09 00:00:00,2.48,2.48,2.48,2.48,10100,0
2012-10-11 00:00:00,2.48,2.48,2.48,2.48,25000,0
2012-10-17 00:00:00,2.44,2.5,2.44,2.5,23000,0
2012-10-18 00:00:00,2.48,2.5,2.48,2.48,39000,0
2012-10-22 00:00:00,2.48,2.48,2.48,2.48,43000,0
2012-10-29 00:00:00,2.48,2.48,2.48,2.48,11200,0
2012-11-02 00:00:00,2.48,2.48,2.48,2.48,2000,0
2012-11-06 00:00:00,2.48,2.48,2.48,2.48,3000,0
2012-11-14 00:00:00,2.48,2.48,2.48,2.48,27000,0
2012-11-16 00:00:00,2.4,2.5,2.4,2.5,2500,0
2012-11-19 00:00:00,2.48,2.48,2.48,2.48,5000,0
2012-11-20 00:00:00,2.48,2.48,2.48,2.48,5000,0
2012-11-21 00:00:00,2.48,2.48,2.48,2.48,10000,0
2012-11-22 00:00:00,2.48,2.48,2.48,2.48,101500,0
2012-11-23 00:00:00,2.48,2.48,2.48,2.48,50000,0
2012-11-26 00:00:00,2.48,2.48,2.48,2.48,47000,0
2012-11-30 00:00:00,2.32,2.46,2.32,2.46,400,0
2012-12-14 00:00:00,2.46,2.54,2.36,2.36,56300,0
2012-12-17 00:00:00,2.46,2.54,2.4,2.4,173500,0
2012-12-18 00:00:00,2.54,2.54,2.48,2.48,6500,0
2012-12-19 00:00:00,2.42,2.42,2.42,2.42,500,0
2012-12-20 00:00:00,2.48,2.52,2.48,2.52,1000,0
2012-12-21 00:00:00,2.42,2.42,2.42,2.42,1000,0
2012-12-24 00:00:00,2.42,2.48,2.42,2.48,26000,0
2012-12-25 00:00:00,2.48,2.48,2.48,2.48,100,0
2012-12-26 00:00:00,2.5,2.52,2.5,2.52,12100,0
2012-12-27 00:00:00,2.52,2.52,2.42,2.42,14000,0
2012-12-28 00:00:00,2.42,2.42,2.42,2.42,10100,0
2013-01-02 00:00:00,2.42,2.42,2.38,2.38,25900,0
2013-01-03 00:00:00,2.4,2.4,2.38,2.38,20100,0
2013-01-04 00:00:00,2.4,2.44,2.4,2.44,50100,0
2013-01-07 00:00:00,2.44,2.44,2.44,2.44,3000,0
2013-01-08 00:00:00,2.44,2.44,2.44,2.44,31600,0
2013-01-09 00:00:00,2.44,2.44,2.44,2.44,5000,0
2013-01-11 00:00:00,2.44,2.44,2.44,2.44,10000,0
2013-01-17 00:00:00,2.5,2.6,2.48,2.48,158600,0
2013-01-18 00:00:00,2.48,2.48,2.48,2.48,35000,0
2013-01-21 00:00:00,2.6,2.6,2.52,2.56,76900,0
2013-01-22 00:00:00,2.54,2.54,2.54,2.54,2500,0
2013-01-23 00:00:00,2.56,2.6,2.52,2.6,165800,0
2013-01-24 00:00:00,2.58,2.68,2.54,2.68,206200,0
2013-01-25 00:00:00,2.7,2.76,2.64,2.64,434600,0
2013-01-28 00:00:00,2.6,2.66,2.6,2.64,24700,0
2013-01-29 00:00:00,2.6,2.6,2.6,2.6,9900,0
2013-01-30 00:00:00,2.56,2.6,2.54,2.6,41000,0
2013-01-31 00:00:00,2.5,2.52,2.5,2.52,30000,0
2013-02-01 00:00:00,2.42,2.46,2.42,2.44,9200,0
2013-02-04 00:00:00,2.44,2.44,2.44,2.44,5900,0
2013-02-05 00:00:00,2.44,2.5,2.44,2.5,12000,0
2013-02-06 00:00:00,2.52,2.52,2.52,2.52,28000,0
2013-02-07 00:00:00,2.52,2.52,2.48,2.48,62500,0
2013-02-08 00:00:00,2.48,2.48,2.48,2.48,15000,0
2013-02-11 00:00:00,2.56,2.56,2.56,2.56,100,0
2013-02-12 00:00:00,2.56,2.56,2.48,2.48,60100,0
2013-02-13 00:00:00,2.5,2.5,2.5,2.5,4000,0
2013-02-14 00:00:00,2.5,2.5,2.5,2.5,13500,0
2013-02-15 00:00:00,2.46,2.46,2.44,2.46,35700,0
2013-02-18 00:00:00,2.48,2.5,2.46,2.5,271000,0
2013-02-19 00:00:00,2.54,2.54,2.46,2.48,24400,0
2013-02-20 00:00:00,2.52,2.52,2.48,2.48,6000,0
2013-02-21 00:00:00,2.48,2.48,2.48,2.48,21000,0
2013-02-26 00:00:00,2.46,2.46,2.44,2.44,38000,0
2013-02-28 00:00:00,2.44,2.46,2.44,2.46,18000,0
2013-03-01 00:00:00,2.46,2.48,2.46,2.48,20000,0
2013-03-04 00:00:00,2.48,2.52,2.48,2.52,44100,0
2013-03-06 00:00:00,2.56,2.74,2.56,2.72,1244200,0
2013-03-07 00:00:00,2.74,2.74,2.64,2.64,145700,0
2013-03-08 00:00:00,2.68,2.68,2.64,2.68,461100,0
2013-03-11 00:00:00,2.7,2.7,2.64,2.66,153600,0
2013-03-12 00:00:00,2.66,2.68,2.62,2.62,41900,0
2013-03-13 00:00:00,2.62,2.64,2.6,2.6,36900,0
2013-03-14 00:00:00,2.58,2.62,2.58,2.6,524400,0
2013-03-15 00:00:00,2.6,2.66,2.6,2.66,813400,0
2013-03-18 00:00:00,2.62,2.64,2.58,2.6,122900,0
2013-03-19 00:00:00,2.62,2.68,2.56,2.56,83500,0
2013-03-20 00:00:00,2.56,2.56,2.54,2.56,20300,0
2013-03-21 00:00:00,2.56,2.62,2.56,2.62,13300,0
2013-03-22 00:00:00,2.6,2.64,2.4,2.52,69300,0
2013-03-25 00:00:00,2.6,2.6,2.54,2.54,39500,0
2013-03-26 00:00:00,2.6,2.6,2.5,2.58,38000,0
2013-03-27 00:00:00,2.58,2.62,2.56,2.62,6300,0
2013-03-28 00:00:00,2.6,2.64,2.58,2.62,100100,0
2013-03-29 00:00:00,2.64,2.68,2.62,2.68,188900,0
2013-04-01 00:00:00,2.68,2.74,2.68,2.74,220000,0
2013-04-02 00:00:00,2.78,2.78,2.72,2.76,144800,0
2013-04-03 00:00:00,2.76,2.76,2.64,2.68,74800,0
2013-04-04 00:00:00,2.56,2.7,2.56,2.7,37900,0
2013-04-05 00:00:00,2.64,2.68,2.64,2.68,7000,0
2013-04-09 00:00:00,2.68,2.68,2.68,2.68,6100,0
2013-04-10 00:00:00,2.68,2.72,2.64,2.68,16200,0
2013-04-11 00:00:00,2.68,2.72,2.68,2.72,86700,0
2013-04-12 00:00:00,2.74,2.8,2.68,2.74,382400,0
2013-04-17 00:00:00,2.72,2.94,2.72,2.76,661000,0
2013-04-18 00:00:00,2.8,2.86,2.76,2.82,17700,0
2013-04-19 00:00:00,2.86,2.88,2.8,2.8,142900,0
2013-04-22 00:00:00,2.8,2.8,2.76,2.78,72800,0
2013-04-23 00:00:00,2.78,2.78,2.78,2.78,79500,0
2013-04-24 00:00:00,2.78,2.78,2.72,2.72,67500,0
2013-04-25 00:00:00,2.72,2.8,2.72,2.78,53200,0
2013-04-26 00:00:00,2.78,2.78,2.74,2.78,159400,0
2013-04-29 00:00:00,2.78,2.82,2.78,2.8,91200,0
2013-04-30 00:00:00,2.84,2.88,2.84,2.88,260500,0
2013-05-02 00:00:00,2.5,2.58,2.4,2.52,135200,0
2013-05-03 00:00:00,2.52,2.96,2.44,2.58,1299300,0
2013-05-07 00:00:00,2.7,2.7,2.6,2.6,145600,0
2013-05-08 00:00:00,2.6,2.68,2.52,2.68,46400,0
2013-05-09 00:00:00,2.68,2.68,2.48,2.6,23900,0
2013-05-10 00:00:00,2.9,3.1,2.78,2.78,1070500,0
2013-05-13 00:00:00,2.8,2.8,2.72,2.76,361600,0
2013-05-14 00:00:00,2.8,2.8,2.68,2.7,185000,0
2013-05-15 00:00:00,2.72,2.72,2.64,2.72,200600,0
2013-05-16 00:00:00,2.74,2.74,2.66,2.7,1018400,0
2013-05-17 00:00:00,2.7,2.74,2.7,2.7,113600,0
2013-05-20 00:00:00,2.7,2.7,2.64,2.64,177400,0
2013-05-21 00:00:00,2.64,2.66,2.62,2.66,45600,0
2013-05-22 00:00:00,2.62,2.7,2.62,2.64,71100,0
2013-05-23 00:00:00,2.64,2.64,2.5,2.58,394800,0
2013-05-27 00:00:00,2.5,2.56,2.5,2.5,126800,0
2013-05-28 00:00:00,2.46,2.54,2.46,2.52,133100,0
2013-05-29 00:00:00,2.54,2.56,2.54,2.56,44400,0
2013-05-30 00:00:00,2.54,2.56,2.48,2.48,94800,0
2013-05-31 00:00:00,2.5,2.5,2.48,2.48,878800,0
2013-06-03 00:00:00,2.44,2.46,2.44,2.46,238800,0
2013-06-04 00:00:00,2.46,2.46,2.46,2.46,140800,0
2013-06-05 00:00:00,2.44,2.46,2.44,2.46,48800,0
2013-06-06 00:00:00,2.42,2.42,2.4,2.4,70700,0
2013-06-07 00:00:00,2.4,2.5,2.4,2.5,42500,0
2013-06-10 00:00:00,2.52,2.54,2.5,2.54,52000,0
2013-06-11 00:00:00,2.62,2.62,2.48,2.48,27700,0
2013-06-12 00:00:00,2.44,2.46,2.4,2.46,47900,0
2013-06-13 00:00:00,2.38,2.38,2.3,2.36,48600,0
2013-06-14 00:00:00,2.3,2.5,2.3,2.5,48900,0
2013-06-17 00:00:00,2.5,2.5,2.48,2.48,1700,0
2013-06-18 00:00:00,2.48,2.48,2.44,2.46,11800,0
2013-06-19 00:00:00,2.4,2.4,2.4,2.4,16000,0
2013-06-20 00:00:00,2.4,2.4,2.4,2.4,1900,0
2013-06-21 00:00:00,2.36,2.36,2.28,2.36,69000,0
2013-06-24 00:00:00,2.4,2.4,2.3,2.3,4300,0
2013-06-25 00:00:00,2.3,2.32,2.3,2.32,2900,0
2013-06-27 00:00:00,2.26,2.32,2.26,2.32,46200,0
2013-07-02 00:00:00,2.28,2.3,2.28,2.3,25000,0
2013-07-03 00:00:00,2.26,2.3,2.26,2.28,46700,0
2013-07-04 00:00:00,2.28,2.28,2.28,2.28,14800,0
2013-07-05 00:00:00,2.36,2.36,2.24,2.28,110000,0
2013-07-08 00:00:00,2.36,2.36,2.26,2.26,300,0
2013-07-09 00:00:00,2.22,2.22,2.22,2.22,15500,0
2013-07-10 00:00:00,2.22,2.22,2.22,2.22,500,0
2013-07-11 00:00:00,2.18,2.3,2.18,2.3,51600,0
2013-07-12 00:00:00,2.26,2.32,2.26,2.3,33100,0
2013-07-15 00:00:00,2.32,2.32,2.32,2.32,2000,0
2013-07-17 00:00:00,2.28,2.28,2.26,2.26,75400,0
2013-07-18 00:00:00,2.26,2.38,2.26,2.38,80500,0
2013-07-19 00:00:00,2.4,2.4,2.38,2.38,7600,0
2013-07-23 00:00:00,2.28,2.32,2.26,2.32,205000,0
2013-07-24 00:00:00,2.26,2.32,2.26,2.28,60900,0
2013-07-25 00:00:00,2.28,2.28,2.26,2.26,46000,0
2013-07-26 00:00:00,2.26,2.34,2.26,2.34,136800,0
2013-07-29 00:00:00,2.26,2.34,2.26,2.34,118900,0
2013-07-31 00:00:00,2.22,2.24,2.2,2.22,190000,0
2013-08-01 00:00:00,2.22,2.24,2.22,2.24,7500,0
2013-08-02 00:00:00,2.24,2.24,2.24,2.24,30000,0
2013-08-05 00:00:00,2.28,2.28,2.28,2.28,800,0
2013-08-06 00:00:00,2.24,2.24,2.24,2.24,600,0
2013-08-07 00:00:00,2.28,2.3,2.28,2.3,10400,0
2013-08-08 00:00:00,2.26,2.26,2.24,2.24,26000,0
2013-08-09 00:00:00,2.2,2.2,2.2,2.2,10000,0
2013-08-13 00:00:00,2.36,2.36,2.28,2.28,10800,0
2013-08-16 00:00:00,2.22,2.26,2.2,2.26,15300,0
2013-08-19 00:00:00,2.24,2.24,2.18,2.22,24000,0
2013-08-20 00:00:00,2.2,2.2,2.18,2.18,51500,0
2013-08-21 00:00:00,2.16,2.18,2.16,2.18,2900,0
2013-08-22 00:00:00,2.18,2.18,2.14,2.14,18500,0
2013-08-23 00:00:00,2.16,2.18,2.16,2.18,19600,0
2013-08-26 00:00:00,2.18,2.18,2.18,2.18,11800,0
2013-08-27 00:00:00,2.14,2.14,2.12,2.12,23600,0
2013-08-29 00:00:00,2.3,2.3,2.3,2.3,3000,0
2013-08-30 00:00:00,2.4,2.4,2.4,2.4,3600,0
2013-09-05 00:00:00,2.38,2.42,2.38,2.42,23500,0
2013-09-06 00:00:00,2.42,2.48,2.42,2.48,2000,0
2013-09-09 00:00:00,2.46,2.46,2.18,2.36,23400,0
2013-09-12 00:00:00,2.34,2.34,2.32,2.32,8100,0
2013-09-16 00:00:00,2.36,2.36,2.34,2.34,45100,0
2013-09-17 00:00:00,2.36,2.36,2.34,2.36,25800,0
2013-09-18 00:00:00,2.3,2.3,2.3,2.3,20000,0
2013-09-19 00:00:00,2.3,2.3,2.3,2.3,3000,0
2013-09-20 00:00:00,2.28,2.3,2.28,2.3,45300,0
2013-09-23 00:00:00,2.28,2.28,2.22,2.28,9800,0
2013-09-25 00:00:00,2.22,2.28,2.22,2.28,1700,0
2013-09-27 00:00:00,2.24,2.24,2.24,2.24,3500,0
2013-09-30 00:00:00,2.2,2.2,2.2,2.2,5000,0
2013-10-01 00:00:00,2.2,2.2,2.2,2.2,7300,0
2013-10-02 00:00:00,2.18,2.18,2.18,2.18,3600,0
2013-10-03 00:00:00,2.2,2.2,2.2,2.2,1400,0
2013-10-07 00:00:00,2.2,2.24,2.2,2.24,13500,0
2013-10-08 00:00:00,2.2,2.2,2.2,2.2,500,0
2013-10-09 00:00:00,2.22,2.22,2.22,2.22,100,0
2013-10-10 00:00:00,2.24,2.3,2.24,2.3,8100,0
2013-10-11 00:00:00,2.3,2.48,2.3,2.3,13600,0
2013-10-15 00:00:00,2.2,2.2,2.2,2.2,10200,0
2013-10-16 00:00:00,2.24,2.24,2.24,2.24,100200,0
2013-10-17 00:00:00,2.22,2.24,2.14,2.24,187100,0
2013-10-18 00:00:00,2.2,2.2,2.2,2.2,1000,0
2013-10-24 00:00:00,2.22,2.22,2.22,2.22,100,0
2013-10-25 00:00:00,2.2,2.22,2.2,2.22,5300,0
2013-10-28 00:00:00,2.16,2.18,2.14,2.16,18900,0
2013-10-29 00:00:00,2.18,2.18,2.18,2.18,100,0
2013-10-30 00:00:00,2.12,2.16,2.12,2.16,2000,0
2013-10-31 00:00:00,2.16,2.16,2.16,2.16,3500,0
2013-11-08 00:00:00,2.08,2.12,2.08,2.12,4200,0
2013-11-11 00:00:00,2.24,2.24,2.24,2.24,300,0
2013-11-12 00:00:00,2.14,2.22,2.14,2.22,2500,0
2013-11-13 00:00:00,2.22,2.24,2.22,2.24,10000,0
2013-11-14 00:00:00,2.24,2.28,2.24,2.28,12800,0
2013-11-15 00:00:00,2.24,2.24,2.2,2.2,162000,0
2013-11-18 00:00:00,2.24,2.24,2.2,2.2,200,0
2013-11-19 00:00:00,2.24,2.24,2.18,2.22,1700,0
2013-11-21 00:00:00,2.08,2.08,2.08,2.08,300,0
2013-11-22 00:00:00,2.14,2.2,2.08,2.18,4900,0
2013-11-25 00:00:00,2.12,2.18,2.12,2.16,2700,0
2013-11-26 00:00:00,2.22,2.24,2.18,2.24,1900,0
2013-11-28 00:00:00,2.2,2.3,2.2,2.3,55600,0
2013-11-29 00:00:00,2.3,2.42,2.3,2.32,30300,0
2013-12-02 00:00:00,2.32,2.34,2.32,2.34,19400,0
2013-12-03 00:00:00,2.36,2.36,2.34,2.36,30600,0
2013-12-04 00:00:00,2.4,2.5,2.4,2.5,27700,0
2013-12-09 00:00:00,2.3,2.48,2.3,2.48,4600,0
2013-12-11 00:00:00,2.46,2.48,2.46,2.48,2100,0
2013-12-12 00:00:00,2.28,2.4,2.28,2.4,2300,0
2013-12-13 00:00:00,2.2,2.38,2.18,2.38,17500,0
2013-12-16 00:00:00,2.2,2.36,2.16,2.26,28400,0
2013-12-17 00:00:00,2.24,2.26,2.22,2.24,10600,0
2013-12-18 00:00:00,2.24,2.34,2.24,2.34,25800,0
2013-12-19 00:00:00,2.3,2.3,2.24,2.26,3100,0
2013-12-20 00:00:00,2.3,2.3,2.22,2.28,88700,0
2013-12-23 00:00:00,2.24,2.34,2.1,2.28,14200,0
2013-12-24 00:00:00,2.28,2.3,2.14,2.26,3800,0
2013-12-25 00:00:00,2.22,2.3,2.22,2.3,12400,0
2013-12-26 00:00:00,2.28,2.32,2.28,2.32,10800,0
2013-12-27 00:00:00,2.3,2.34,2.3,2.34,1300,0
2014-01-02 00:00:00,2.32,2.36,2.28,2.28,16700,0
2014-01-03 00:00:00,2.3,2.3,2.3,2.3,5000,0
2014-01-06 00:00:00,2.3,2.36,2.3,2.3,5200,0
2014-01-07 00:00:00,2.3,2.3,2.2,2.28,31800,0
2014-01-08 00:00:00,2.3,2.3,2.3,2.3,100,0
2014-01-09 00:00:00,2.28,2.3,2.28,2.3,8300,0
2014-01-14 00:00:00,2.3,2.36,2.3,2.32,3100,0
2014-01-16 00:00:00,2.28,2.36,2.28,2.36,20600,0
2014-01-21 00:00:00,2.2,2.3,2.2,2.26,13800,0
2014-01-22 00:00:00,2.28,2.28,2.28,2.28,100,0
2014-01-23 00:00:00,2.2,2.2,2.16,2.2,56100,0
2014-01-24 00:00:00,2.22,2.24,2.16,2.22,9600,0
2014-01-27 00:00:00,2.28,2.28,2.18,2.24,21200,0
2014-01-28 00:00:00,2.26,2.26,2.26,2.26,100,0
2014-01-29 00:00:00,2.24,2.26,2.24,2.26,600,0
2014-02-03 00:00:00,2.28,2.28,2.24,2.28,1500,0
2014-02-04 00:00:00,2.28,2.28,2.28,2.28,100,0
2014-02-05 00:00:00,2.3,2.36,2.3,2.36,4100,0
2014-02-06 00:00:00,2.22,2.34,2.22,2.34,3200,0
2014-02-07 00:00:00,2.24,2.32,2.24,2.32,2100,0
2014-02-10 00:00:00,2.3,2.3,2.22,2.26,8600,0
2014-02-11 00:00:00,2.28,2.28,2.2,2.26,23100,0
2014-02-12 00:00:00,2.3,2.3,2.3,2.3,100,0
2014-02-17 00:00:00,2.18,2.3,2.18,2.3,27500,0
2014-02-18 00:00:00,2.2,2.28,2.2,2.28,17800,0
2014-02-19 00:00:00,2.2,2.26,2.2,2.2,122200,0
2014-02-20 00:00:00,2.28,2.28,2.16,2.16,10000,0
2014-02-21 00:00:00,2.26,2.26,2.18,2.24,61100,0
2014-02-24 00:00:00,2.26,2.26,2.26,2.26,100,0
2014-02-26 00:00:00,2.2,2.22,2.16,2.22,23500,0
2014-02-27 00:00:00,2.26,2.26,2.22,2.26,70200,0
2014-02-28 00:00:00,2.28,2.28,2.2,2.24,72400,0
2014-03-03 00:00:00,2.32,2.32,2.2,2.2,71200,0
2014-03-04 00:00:00,2.3,2.3,2.2,2.24,31400,0
2014-03-05 00:00:00,2.3,2.3,2.2,2.22,33400,0
2014-03-06 00:00:00,2.22,2.24,2.16,2.2,64800,0
2014-03-07 00:00:00,2.26,2.26,2.2,2.22,14800,0
2014-03-10 00:00:00,2.3,2.3,2.28,2.28,200,0
2014-03-11 00:00:00,2.28,2.28,2.22,2.22,54300,0
2014-03-12 00:00:00,2.22,2.28,2.18,2.28,30000,0
2014-03-13 00:00:00,2.3,2.3,2.28,2.3,72500,0
2014-03-14 00:00:00,2.28,2.32,2.26,2.32,32500,0
2014-03-17 00:00:00,2.3,2.34,2.3,2.32,70300,0
2014-03-18 00:00:00,2.32,2.36,2.32,2.36,19100,0
2014-03-19 00:00:00,2.42,2.46,2.28,2.34,172200,0
2014-03-20 00:00:00,2.34,2.36,2.34,2.36,200,0
2014-03-21 00:00:00,2.24,2.32,2.24,2.32,700,0
2014-03-24 00:00:00,2.24,2.34,2.24,2.34,30400,0
2014-03-25 00:00:00,2.34,2.36,2.34,2.36,600,0
2014-03-27 00:00:00,2.28,2.34,2.24,2.26,93500,0
2014-03-28 00:00:00,2.32,2.32,2.26,2.26,25300,0
2014-03-31 00:00:00,2.34,2.34,2.26,2.32,26000,0
2014-04-01 00:00:00,2.26,2.32,2.24,2.32,6100,0
2014-04-02 00:00:00,2.3,2.32,2.26,2.32,22700,0
2014-04-03 00:00:00,2.32,2.36,2.3,2.36,33500,0
2014-04-04 00:00:00,2.34,2.36,2.24,2.36,1800,0
2014-04-08 00:00:00,2.3,2.32,2.28,2.3,106800,0
2014-04-09 00:00:00,2.28,2.32,2.26,2.3,72800,0
2014-04-10 00:00:00,2.3,2.3,2.28,2.3,26600,0
2014-04-11 00:00:00,2.28,2.32,2.24,2.26,171500,0
2014-04-17 00:00:00,2.32,2.32,2.32,2.32,400,0
2014-04-18 00:00:00,2.3,2.3,2.28,2.3,13400,0
2014-04-21 00:00:00,2.32,2.32,2.3,2.3,25100,0
2014-04-22 00:00:00,2.34,2.34,2.34,2.34,100,0
2014-04-23 00:00:00,2.32,2.36,2.32,2.36,52400,0
2014-04-24 00:00:00,2.32,2.32,2.26,2.32,30400,0
2014-04-28 00:00:00,2.34,2.34,2.32,2.32,20200,0
2014-04-29 00:00:00,2.34,2.36,2.3,2.32,134700,0
2014-04-30 00:00:00,2.32,2.32,2.3,2.32,315800,0
2014-05-02 00:00:00,2.2,2.24,2.18,2.22,110500,0
2014-05-06 00:00:00,2.28,2.28,2.22,2.24,17500,0
2014-05-07 00:00:00,2.24,2.26,2.2,2.2,3100,0
2014-05-08 00:00:00,2.28,2.36,2.16,2.2,100200,0
2014-05-09 00:00:00,2.28,2.28,2.24,2.26,16200,0
2014-05-12 00:00:00,2.26,2.28,2.26,2.28,80000,0
2014-05-14 00:00:00,2.28,2.36,2.28,2.32,86900,0
2014-05-15 00:00:00,2.3,2.34,2.3,2.34,122600,0
2014-05-16 00:00:00,2.3,2.32,2.3,2.3,13200,0
2014-05-19 00:00:00,2.28,2.3,2.28,2.3,10400,0
2014-05-20 00:00:00,2.3,2.3,2.3,2.3,156600,0
2014-05-21 00:00:00,2.28,2.3,2.28,2.3,40500,0
2014-05-22 00:00:00,2.3,2.32,2.3,2.3,89100,0
2014-05-23 00:00:00,2.28,2.3,2.28,2.3,13400,0
2014-05-26 00:00:00,2.3,2.3,2.3,2.3,24000,0
2014-05-27 00:00:00,2.3,2.3,2.28,2.28,23500,0
2014-05-28 00:00:00,2.3,2.3,2.28,2.28,87600,0
2014-05-29 00:00:00,2.32,2.32,2.3,2.3,22100,0
2014-05-30 00:00:00,2.32,2.36,2.28,2.28,871200,0
2014-06-02 00:00:00,2.3,2.36,2.3,2.32,202900,0
2014-06-03 00:00:00,2.32,2.34,2.32,2.34,29400,0
2014-06-04 00:00:00,2.32,2.48,2.32,2.42,353000,0
2014-06-05 00:00:00,2.38,2.6,2.38,2.6,424300,0
2014-06-06 00:00:00,2.6,2.64,2.56,2.6,314300,0
2014-06-09 00:00:00,2.6,2.66,2.58,2.6,481400,0
2014-06-10 00:00:00,2.66,2.66,2.58,2.58,205300,0
2014-06-11 00:00:00,2.58,2.58,2.5,2.52,254800,0
2014-06-12 00:00:00,2.64,2.64,2.54,2.54,85400,0
2014-06-13 00:00:00,2.52,2.6,2.52,2.6,17400,0
2014-06-16 00:00:00,2.6,3.0,2.6,2.64,97500,0
2014-06-17 00:00:00,2.66,2.74,2.64,2.74,218700,0
2014-06-18 00:00:00,2.8,2.8,2.5,2.5,236500,0
2014-06-19 00:00:00,2.54,2.62,2.54,2.58,34900,0
2014-06-20 00:00:00,2.6,2.62,2.56,2.56,59300,0
2014-06-23 00:00:00,2.58,2.78,2.56,2.58,120000,0
2014-06-24 00:00:00,2.6,2.64,2.54,2.54,42800,0
2014-06-25 00:00:00,2.6,2.6,2.54,2.58,12600,0
2014-06-26 00:00:00,2.52,2.6,2.5,2.6,5800,0
2014-06-27 00:00:00,2.56,2.6,2.56,2.6,23200,0
2014-06-30 00:00:00,2.7,2.7,2.58,2.66,26100,0
2014-07-02 00:00:00,2.56,2.64,2.56,2.64,43100,0
2014-07-03 00:00:00,2.64,2.64,2.58,2.62,46400,0
2014-07-04 00:00:00,2.6,2.62,2.58,2.62,25200,0
2014-07-07 00:00:00,2.62,2.62,2.56,2.62,11200,0
2014-07-08 00:00:00,2.58,3.4,2.58,3.4,3348900,0
2014-07-09 00:00:00,4.42,4.42,3.7,4.42,11234000,0
2014-07-10 00:00:00,4.1,4.32,3.42,3.66,6726600,0
2014-07-14 00:00:00,3.72,3.72,3.44,3.58,1206300,0
2014-07-15 00:00:00,3.54,4.46,3.52,4.02,22306800,0
2014-07-16 00:00:00,4.02,4.54,4.02,4.24,15805400,0
2014-07-17 00:00:00,4.44,4.52,4.12,4.26,9495200,0
2014-07-18 00:00:00,4.28,4.32,3.9,3.9,5088400,0
2014-07-21 00:00:00,4.06,4.1,3.86,3.86,1848800,0
2014-07-22 00:00:00,3.86,4.16,3.8,3.9,5594100,0
2014-07-23 00:00:00,4.0,4.0,3.9,3.94,969500,0
2014-07-24 00:00:00,3.94,4.02,3.88,3.9,1375700,0
2014-07-25 00:00:00,3.9,3.98,3.84,3.86,566500,0
2014-07-28 00:00:00,3.88,3.88,3.8,3.82,513100,0
2014-07-29 00:00:00,3.8,4.02,3.7,3.7,2321000,0
2014-07-30 00:00:00,3.7,3.74,3.44,3.46,915100,0
2014-07-31 00:00:00,3.48,3.58,3.32,3.36,1036300,0
2014-08-01 00:00:00,3.36,3.44,3.34,3.4,470700,0
2014-08-04 00:00:00,3.32,3.44,3.32,3.38,551400,0
2014-08-05 00:00:00,3.4,3.48,3.4,3.44,223800,0
2014-08-06 00:00:00,3.44,3.76,3.44,3.6,1459400,0
2014-08-07 00:00:00,3.66,3.66,3.54,3.6,353900,0
2014-08-08 00:00:00,3.64,3.64,3.5,3.58,89900,0
2014-08-13 00:00:00,3.6,3.64,3.52,3.52,146700,0
2014-08-14 00:00:00,3.56,3.56,3.48,3.5,194900,0
2014-08-15 00:00:00,3.54,3.6,3.44,3.52,281500,0
2014-08-18 00:00:00,3.52,3.6,3.52,3.56,142000,0
2014-08-19 00:00:00,3.6,3.72,3.56,3.6,575700,0
2014-08-20 00:00:00,3.66,4.38,3.66,4.04,10658100,0
2014-08-21 00:00:00,4.12,4.18,3.86,3.92,2617200,0
2014-08-22 00:00:00,3.98,4.0,3.84,3.92,1077900,0
2014-08-25 00:00:00,3.96,4.02,3.92,3.96,757200,0
2014-08-26 00:00:00,3.96,3.96,3.88,3.92,433400,0
2014-08-27 00:00:00,3.9,3.92,3.82,3.86,296700,0
2014-08-28 00:00:00,3.86,3.86,3.5,3.74,424900,0
2014-08-29 00:00:00,3.76,3.82,3.74,3.76,157200,0
2014-09-01 00:00:00,3.76,3.88,3.76,3.78,211400,0
2014-09-02 00:00:00,3.82,3.84,3.76,3.78,245900,0
2014-09-03 00:00:00,3.82,3.88,3.78,3.8,535300,0
2014-09-04 00:00:00,3.82,3.84,3.78,3.78,136700,0
2014-09-05 00:00:00,3.8,3.88,3.72,3.74,291300,0
2014-09-08 00:00:00,3.76,3.84,3.76,3.78,179500,0
2014-09-09 00:00:00,3.8,3.94,3.78,3.82,708700,0
2014-09-10 00:00:00,3.84,4.2,3.82,3.92,3231200,0
2014-09-11 00:00:00,3.96,4.08,3.9,3.92,1145200,0
2014-09-12 00:00:00,3.92,3.96,3.84,3.86,291200,0
2014-09-15 00:00:00,3.88,3.96,3.88,3.96,470500,0
2014-09-16 00:00:00,4.4,4.54,4.0,4.04,11192500,0
2014-09-17 00:00:00,4.14,4.38,4.06,4.22,10731700,0
2014-09-18 00:00:00,4.3,5.45,4.24,5.45,62221500,0
2014-09-19 00:00:00,5.65,6.75,4.9,5.05,59313500,0
2014-09-22 00:00:00,5.0,5.65,5.0,5.05,22994500,0
2014-09-23 00:00:00,5.15,5.45,4.94,5.0,9463400,0
2014-09-24 00:00:00,5.1,5.2,5.0,5.1,3472500,0
2014-09-25 00:00:00,5.15,6.25,4.98,5.6,48223500,0
2014-09-26 00:00:00,5.55,6.05,5.4,5.6,19516500,0
2014-09-29 00:00:00,5.65,5.75,5.15,5.25,5877700,0
2014-09-30 00:00:00,5.3,5.9,5.25,5.4,16016200,0
2014-10-01 00:00:00,5.4,5.75,5.35,5.35,7173500,0
2014-10-02 00:00:00,5.35,5.45,5.0,5.0,3698600,0
2014-10-03 00:00:00,5.05,5.2,4.94,5.0,3107100,0
2014-10-06 00:00:00,5.05,5.1,4.6,4.6,1934900,0
2014-10-07 00:00:00,4.72,5.05,4.6,4.64,5030300,0
2014-10-08 00:00:00,4.66,5.2,4.62,5.15,8233100,0
2014-10-09 00:00:00,5.5,5.7,5.0,5.05,10094400,0
2014-10-10 00:00:00,5.05,5.1,4.96,4.96,2144100,0
2014-10-13 00:00:00,4.94,4.96,4.82,4.82,1414600,0
2014-10-14 00:00:00,4.84,5.05,4.84,4.88,1322000,0
2014-10-15 00:00:00,4.92,5.0,4.88,4.9,1189300,0
2014-10-16 00:00:00,4.9,4.92,4.8,4.8,648900,0
2014-10-17 00:00:00,4.84,4.92,4.76,4.76,689200,0
2014-10-20 00:00:00,4.8,4.88,4.72,4.72,289600,0
2014-10-21 00:00:00,4.74,4.9,4.64,4.7,599700,0
2014-10-22 00:00:00,4.76,5.1,4.72,4.74,7407800,0
2014-10-24 00:00:00,4.76,4.88,4.7,4.7,2464200,0
2014-10-27 00:00:00,4.72,4.78,4.68,4.68,1866700,0
2014-10-28 00:00:00,4.7,4.74,4.66,4.72,1146900,0
2014-10-29 00:00:00,4.74,5.15,4.74,5.05,14394800,0
2014-10-30 00:00:00,5.15,5.25,4.9,4.92,5035900,0
2014-10-31 00:00:00,4.92,4.94,4.86,4.86,1310400,0
2014-11-03 00:00:00,4.92,5.05,4.84,4.84,2097200,0
2014-11-04 00:00:00,4.86,4.94,4.74,4.8,1249800,0
2014-11-05 00:00:00,4.8,4.82,4.74,4.76,522200,0
2014-11-06 00:00:00,4.74,5.1,4.74,4.78,4039700,0
2014-11-07 00:00:00,4.84,5.0,4.76,4.8,2468200,0
2014-11-10 00:00:00,4.8,4.84,4.76,4.78,728400,0
2014-11-11 00:00:00,4.78,4.9,4.72,4.72,1104500,0
2014-11-12 00:00:00,4.82,4.82,4.72,4.72,828900,0
2014-11-13 00:00:00,4.76,4.82,4.62,4.62,1112200,0
2014-11-14 00:00:00,4.64,4.68,4.54,4.54,527500,0
2014-11-17 00:00:00,4.54,4.58,4.4,4.44,494700,0
2014-11-18 00:00:00,4.46,4.6,4.4,4.42,602500,0
2014-11-19 00:00:00,4.52,4.52,4.32,4.32,502000,0
2014-11-20 00:00:00,4.32,4.42,4.26,4.26,595800,0
2014-11-21 00:00:00,4.2,4.32,4.2,4.28,263100,0
2014-11-24 00:00:00,4.26,4.32,4.26,4.26,191800,0
2014-11-25 00:00:00,4.32,4.32,4.22,4.22,103600,0
2014-11-26 00:00:00,4.2,4.28,4.16,4.16,283900,0
2014-11-27 00:00:00,4.18,4.22,4.06,4.1,243200,0
2014-11-28 00:00:00,4.12,4.12,4.0,4.02,377600,0
2014-12-01 00:00:00,4.06,4.12,4.0,4.06,111000,0
2014-12-02 00:00:00,4.1,4.16,4.04,4.06,310700,0
2014-12-03 00:00:00,4.12,4.12,4.0,4.04,312200,0
2014-12-04 00:00:00,4.1,4.1,4.0,4.1,247800,0
2014-12-08 00:00:00,4.08,4.12,4.0,4.04,179200,0
2014-12-09 00:00:00,4.06,4.06,3.98,4.0,127100,0
2014-12-11 00:00:00,3.98,4.0,3.84,3.84,195100,0
2014-12-12 00:00:00,3.8,3.96,3.8,3.96,116900,0
2014-12-15 00:00:00,3.84,3.96,3.02,3.62,210100,0
2014-12-16 00:00:00,3.5,3.6,3.3,3.54,95200,0
2014-12-17 00:00:00,3.8,3.8,3.58,3.58,38500,0
2014-12-18 00:00:00,3.64,3.8,3.5,3.72,47300,0
2014-12-19 00:00:00,3.72,3.72,3.64,3.72,51100,0
2014-12-22 00:00:00,3.78,4.26,3.68,4.22,848700,0
2014-12-23 00:00:00,4.34,4.34,3.96,3.96,592500,0
2014-12-24 00:00:00,4.08,4.14,3.88,3.9,131800,0
2014-12-25 00:00:00,3.96,3.96,3.8,3.9,31500,0
2014-12-26 00:00:00,3.84,3.92,3.82,3.9,24100,0
2014-12-29 00:00:00,3.92,3.98,3.86,3.86,10700,0
2014-12-30 00:00:00,3.86,3.96,3.82,3.82,21500,0
2015-01-05 00:00:00,3.84,3.92,3.78,3.8,29800,0
2015-01-06 00:00:00,3.88,3.88,3.76,3.8,55700,0
2015-01-07 00:00:00,3.78,3.92,3.76,3.84,111400,0
2015-01-08 00:00:00,3.88,3.88,3.76,3.84,150800,0
2015-01-09 00:00:00,3.86,3.86,3.76,3.8,176000,0
2015-01-12 00:00:00,3.8,3.84,3.76,3.76,97400,0
2015-01-13 00:00:00,3.76,3.92,3.76,3.88,184900,0
2015-01-14 00:00:00,3.92,4.66,3.88,4.26,6809600,0
2015-01-15 00:00:00,4.24,4.32,4.16,4.22,772300,0
2015-01-16 00:00:00,4.3,4.3,4.14,4.14,242500,0
2015-01-19 00:00:00,4.14,4.34,4.14,4.16,938400,0
2015-01-20 00:00:00,4.16,4.18,3.98,3.98,637900,0
2015-01-21 00:00:00,4.0,4.04,3.94,4.0,322200,0
2015-01-22 00:00:00,4.04,4.04,3.96,3.98,187300,0
2015-01-23 00:00:00,4.02,4.1,3.96,3.98,539300,0
2015-01-26 00:00:00,4.02,4.04,3.82,3.98,157900,0
2015-01-27 00:00:00,3.86,4.0,3.86,3.98,208900,0
2015-01-28 00:00:00,3.98,4.04,3.82,3.92,164500,0
2015-01-29 00:00:00,3.92,3.96,3.88,3.94,82600,0
2015-01-30 00:00:00,3.88,3.96,3.88,3.94,101000,0
2015-02-02 00:00:00,3.9,3.94,3.88,3.9,104500,0
2015-02-03 00:00:00,3.94,4.06,3.9,3.92,194600,0
2015-02-04 00:00:00,4.0,4.14,3.94,3.98,276500,0
2015-02-05 00:00:00,4.0,4.02,3.94,3.96,86700,0
2015-02-06 00:00:00,4.0,4.04,3.96,4.0,130600,0
2015-02-09 00:00:00,4.1,4.22,4.0,4.0,694000,0
2015-02-10 00:00:00,4.04,4.16,4.02,4.04,314500,0
2015-02-11 00:00:00,4.1,4.12,4.02,4.02,128700,0
2015-02-12 00:00:00,4.1,4.6,4.04,4.48,7170700,0
2015-02-13 00:00:00,4.86,4.88,4.3,4.4,4120800,0
2015-02-16 00:00:00,4.36,4.38,4.24,4.28,545700,0
2015-02-17 00:00:00,4.24,4.3,4.22,4.24,210900,0
2015-02-18 00:00:00,4.24,4.3,4.22,4.24,159400,0
2015-02-19 00:00:00,4.24,4.32,4.2,4.3,114400,0
2015-02-20 00:00:00,4.3,4.56,4.28,4.5,2425400,0
2015-02-23 00:00:00,4.54,4.68,4.4,4.44,1793200,0
2015-02-24 00:00:00,4.48,4.48,4.28,4.28,248400,0
2015-02-25 00:00:00,4.3,4.4,4.28,4.32,223900,0
2015-02-26 00:00:00,4.38,4.4,4.2,4.36,330200,0
2015-02-27 00:00:00,4.36,4.4,4.2,4.22,250200,0
2015-03-02 00:00:00,4.14,4.24,4.12,4.16,124900,0
2015-03-03 00:00:00,4.18,4.2,4.04,4.04,68300,0
2015-03-05 00:00:00,4.18,4.18,4.02,4.08,134700,0
2015-03-06 00:00:00,4.02,4.6,4.02,4.2,331000,0
2015-03-09 00:00:00,4.16,4.3,4.16,4.18,108200,0
2015-03-10 00:00:00,4.24,4.32,4.14,4.14,394800,0
2015-03-11 00:00:00,4.0,4.18,4.0,4.14,177900,0
2015-03-12 00:00:00,4.04,4.74,4.0,4.3,1519500,0
2015-03-13 00:00:00,4.4,4.4,4.0,4.0,848000,0
2015-03-16 00:00:00,4.1,4.1,3.8,3.9,454400,0
2015-03-17 00:00:00,3.9,3.9,3.6,3.8,244300,0
2015-03-18 00:00:00,3.78,4.0,3.66,3.8,583800,0
2015-03-19 00:00:00,3.82,3.98,3.82,3.84,180100,0
2015-03-20 00:00:00,3.88,3.96,3.66,3.84,101200,0
2015-03-23 00:00:00,3.86,3.92,3.68,3.68,115700,0
2015-03-24 00:00:00,3.74,3.84,3.62,3.62,102000,0
2015-03-25 00:00:00,3.62,3.76,3.62,3.72,20300,0
2015-03-26 00:00:00,3.62,3.72,3.62,3.68,80900,0
2015-03-27 00:00:00,3.62,3.7,3.62,3.68,42100,0
2015-03-30 00:00:00,3.62,3.72,3.62,3.68,53300,0
2015-03-31 00:00:00,3.68,3.72,3.64,3.68,19800,0
2015-04-01 00:00:00,3.66,3.78,3.62,3.68,56000,0
2015-04-02 00:00:00,3.74,3.76,3.72,3.76,20100,0
2015-04-03 00:00:00,3.8,3.98,3.78,3.9,591300,0
2015-04-07 00:00:00,3.94,3.94,3.86,3.92,97800,0
2015-04-08 00:00:00,3.92,3.94,3.86,3.86,20800,0
2015-04-09 00:00:00,3.9,3.92,3.84,3.88,10200,0
2015-04-10 00:00:00,3.88,3.9,3.84,3.9,1900,0
2015-04-16 00:00:00,3.88,3.9,3.88,3.9,52500,0
2015-04-17 00:00:00,3.9,3.9,3.84,3.86,87000,0
2015-04-20 00:00:00,3.86,3.86,3.76,3.82,77900,0
2015-04-21 00:00:00,3.84,3.86,3.72,3.72,86000,0
2015-04-22 00:00:00,3.82,4.04,3.76,3.78,214100,0
2015-04-23 00:00:00,3.88,3.88,3.72,3.8,63800,0
2015-04-24 00:00:00,3.84,3.84,3.76,3.82,77900,0
2015-04-27 00:00:00,3.82,3.86,3.72,3.8,67000,0
2015-04-28 00:00:00,3.82,3.82,3.72,3.74,40600,0
2015-04-29 00:00:00,3.74,3.76,3.7,3.74,30300,0
2015-04-30 00:00:00,3.76,3.76,3.7,3.74,18500,0
2015-05-06 00:00:00,3.76,3.76,3.64,3.64,72700,0
2015-05-07 00:00:00,3.64,3.72,3.62,3.64,25000,0
2015-05-08 00:00:00,3.64,3.68,3.58,3.64,38800,0
2015-05-11 00:00:00,3.66,3.66,3.62,3.62,19200,0
2015-05-12 00:00:00,3.58,3.62,3.32,3.58,61700,0
2015-05-13 00:00:00,3.5,3.6,3.5,3.6,40800,0
2015-05-14 00:00:00,3.6,3.6,3.52,3.6,24100,0
2015-05-15 00:00:00,3.6,3.68,3.52,3.66,72500,0
2015-05-18 00:00:00,3.68,3.88,3.6,3.66,261000,0
2015-05-19 00:00:00,3.7,3.7,3.66,3.66,6500,0
2015-05-20 00:00:00,3.72,3.76,3.6,3.62,81800,0
2015-05-21 00:00:00,3.7,3.88,3.62,3.62,888900,0
2015-05-22 00:00:00,3.62,3.7,3.62,3.62,79800,0
2015-05-25 00:00:00,3.58,3.72,3.58,3.62,46000,0
2015-05-26 00:00:00,3.68,3.68,3.58,3.64,31300,0
2015-05-27 00:00:00,3.6,3.7,3.6,3.64,36800,0
2015-05-28 00:00:00,3.62,3.7,3.62,3.64,121400,0
2015-05-29 00:00:00,3.64,3.68,3.6,3.64,35500,0
2015-06-02 00:00:00,3.64,3.64,3.6,3.6,53000,0
2015-06-03 00:00:00,3.62,3.62,3.6,3.62,27700,0
2015-06-04 00:00:00,3.6,3.62,3.58,3.6,43600,0
2015-06-05 00:00:00,3.66,3.66,3.58,3.58,11200,0
2015-06-08 00:00:00,3.64,3.64,3.56,3.58,25200,0
2015-06-09 00:00:00,3.58,3.6,3.56,3.58,18400,0
2015-06-10 00:00:00,3.58,3.6,3.56,3.58,27900,0
2015-06-11 00:00:00,3.54,3.58,3.5,3.5,68700,0
2015-06-12 00:00:00,3.54,3.6,3.54,3.58,88600,0
2015-06-15 00:00:00,3.58,3.58,3.52,3.56,38000,0
2015-06-16 00:00:00,3.58,3.58,3.54,3.56,4300,0
2015-06-17 00:00:00,3.58,3.6,3.52,3.6,50300,0
2015-06-18 00:00:00,3.62,3.62,3.52,3.54,148600,0
2015-06-19 00:00:00,3.58,3.66,3.5,3.54,129300,0
2015-06-22 00:00:00,3.58,3.62,3.52,3.56,124400,0
2015-06-23 00:00:00,3.62,3.62,3.52,3.56,31500,0
2015-06-24 00:00:00,3.58,3.58,3.52,3.54,10300,0
2015-06-25 00:00:00,3.58,3.58,3.52,3.56,6600,0
2015-06-26 00:00:00,3.52,3.6,3.5,3.56,24600,0
2015-06-29 00:00:00,3.52,3.58,3.52,3.56,1400,0
2015-06-30 00:00:00,3.56,3.58,3.52,3.56,44400,0
2015-07-02 00:00:00,3.52,3.56,3.5,3.56,50400,0
2015-07-03 00:00:00,3.52,3.56,3.4,3.4,33600,0
2015-07-06 00:00:00,3.38,3.52,3.08,3.44,76600,0
2015-07-07 00:00:00,3.42,3.44,3.34,3.44,30000,0
2015-07-08 00:00:00,3.42,3.44,3.38,3.4,25000,0
2015-07-09 00:00:00,3.4,3.42,3.34,3.42,25800,0
2015-07-10 00:00:00,3.4,3.58,3.34,3.34,35100,0
2015-07-13 00:00:00,3.48,3.48,3.38,3.38,52300,0
2015-07-14 00:00:00,3.4,3.5,3.34,3.5,42900,0
2015-07-15 00:00:00,3.4,3.5,3.36,3.36,35700,0
2015-07-16 00:00:00,3.36,3.48,3.36,3.38,175000,0
2015-07-17 00:00:00,3.42,3.58,3.38,3.4,269800,0
2015-07-20 00:00:00,3.4,3.44,3.34,3.4,38500,0
2015-07-21 00:00:00,3.42,3.42,3.34,3.34,76500,0
2015-07-22 00:00:00,3.34,3.38,3.26,3.34,156000,0
2015-07-23 00:00:00,3.32,3.4,3.3,3.34,53300,0
2015-07-24 00:00:00,3.32,3.38,3.32,3.36,9400,0
2015-07-27 00:00:00,3.32,3.36,3.2,3.2,46000,0
2015-07-28 00:00:00,3.22,3.28,3.06,3.06,88100,0
2015-07-29 00:00:00,3.24,3.26,3.06,3.2,121800,0
2015-07-31 00:00:00,3.18,3.42,3.16,3.4,294800,0
2015-08-03 00:00:00,3.36,3.42,3.34,3.42,222600,0
2015-08-04 00:00:00,3.4,3.42,3.3,3.42,167100,0
2015-08-05 00:00:00,3.4,3.6,3.34,3.34,333300,0
2015-08-06 00:00:00,3.38,3.42,3.36,3.4,137300,0
2015-08-07 00:00:00,3.4,3.42,3.38,3.42,66800,0
2015-08-10 00:00:00,3.42,3.46,3.32,3.32,15900,0
2015-08-11 00:00:00,3.36,3.42,3.32,3.32,25700,0
2015-08-13 00:00:00,3.38,3.38,3.32,3.38,3500,0
2015-08-14 00:00:00,3.36,3.46,3.36,3.46,3200,0
2015-08-17 00:00:00,3.44,3.44,3.42,3.42,3100,0
2015-08-18 00:00:00,3.2,3.48,3.2,3.4,26300,0
2015-08-19 00:00:00,3.42,3.42,3.34,3.42,90700,0
2015-08-20 00:00:00,3.4,3.42,3.34,3.4,10900,0
2015-08-21 00:00:00,3.38,3.4,3.34,3.4,208900,0
2015-08-24 00:00:00,3.32,3.4,3.2,3.28,11100,0
2015-08-25 00:00:00,3.2,3.34,3.16,3.28,72400,0
2015-08-26 00:00:00,3.24,3.32,3.24,3.26,16000,0
2015-08-27 00:00:00,3.34,3.4,3.18,3.2,132000,0
2015-08-28 00:00:00,3.24,3.26,3.18,3.26,31900,0
2015-08-31 00:00:00,3.26,3.36,3.2,3.24,138300,0
2015-09-01 00:00:00,3.24,3.26,3.2,3.26,16300,0
2015-09-02 00:00:00,3.32,3.32,3.18,3.26,51800,0
2015-09-03 00:00:00,3.26,3.3,3.22,3.3,7400,0
2015-09-04 00:00:00,3.28,3.32,3.16,3.26,305400,0
2015-09-07 00:00:00,3.22,3.28,3.14,3.22,168900,0
2015-09-08 00:00:00,3.24,3.26,3.16,3.2,48600,0
2015-09-09 00:00:00,3.22,3.22,3.16,3.22,62600,0
2015-09-10 00:00:00,3.24,3.28,3.24,3.26,126900,0
2015-09-11 00:00:00,3.24,3.24,3.18,3.18,62300,0
2015-09-14 00:00:00,3.16,3.74,3.16,3.28,1461300,0
2015-09-15 00:00:00,3.26,3.42,3.12,3.12,709800,0
2015-09-16 00:00:00,3.14,3.32,3.1,3.2,640000,0
2015-09-17 00:00:00,3.28,3.28,3.16,3.2,222000,0
2015-09-18 00:00:00,3.22,3.24,3.18,3.2,56400,0
2015-09-21 00:00:00,3.22,3.22,3.1,3.16,416200,0
2015-09-22 00:00:00,3.18,3.18,3.08,3.08,376500,0
2015-09-23 00:00:00,3.08,3.14,3.08,3.12,245100,0
2015-09-24 00:00:00,3.12,3.3,3.08,3.1,168900,0
2015-09-25 00:00:00,3.12,3.14,3.04,3.06,111500,0
2015-09-28 00:00:00,3.08,3.08,2.98,2.98,164400,0
2015-09-29 00:00:00,3.0,3.06,2.96,3.06,35500,0
2015-09-30 00:00:00,3.06,3.06,3.0,3.02,25400,0
2015-10-01 00:00:00,3.06,3.06,3.02,3.02,7900,0
2015-10-02 00:00:00,3.04,3.06,2.98,3.0,3200,0
2015-10-05 00:00:00,2.98,3.08,2.98,3.02,596500,0
2015-10-06 00:00:00,3.04,3.04,2.98,3.0,30700,0
2015-10-07 00:00:00,3.02,3.04,2.98,3.02,12900,0
2015-10-08 00:00:00,3.02,3.06,2.98,3.02,776700,0
2015-10-09 00:00:00,3.04,3.04,2.96,3.0,81600,0
2015-10-12 00:00:00,3.02,3.02,2.96,2.96,672500,0
2015-10-13 00:00:00,2.96,2.98,2.92,2.92,320500,0
2015-10-14 00:00:00,2.96,2.98,2.9,2.92,38300,0
2015-10-15 00:00:00,2.9,3.0,2.9,2.98,38900,0
2015-10-16 00:00:00,2.98,3.0,2.94,2.98,16100,0
2015-10-19 00:00:00,2.96,3.0,2.94,3.0,5200,0
2015-10-20 00:00:00,3.08,3.2,3.0,3.08,291900,0
2015-10-21 00:00:00,3.1,3.18,3.08,3.1,129000,0
2015-10-22 00:00:00,3.1,3.16,3.08,3.16,16800,0
2015-10-26 00:00:00,3.16,3.16,3.1,3.1,54000,0
2015-10-27 00:00:00,3.12,3.12,3.06,3.1,38000,0
2015-10-28 00:00:00,3.08,3.08,3.02,3.06,14300,0
2015-10-29 00:00:00,3.04,3.06,3.0,3.04,19400,0
2015-10-30 00:00:00,3.02,3.06,2.94,2.94,111200,0
2015-11-02 00:00:00,2.92,2.96,2.9,2.94,42300,0
2015-11-03 00:00:00,2.94,3.0,2.92,2.92,70200,0
2015-11-04 00:00:00,2.94,3.0,2.92,2.96,17300,0
2015-11-05 00:00:00,2.96,2.98,2.88,2.88,53700,0
2015-11-06 00:00:00,2.88,3.08,2.88,3.04,117900,0
2015-11-09 00:00:00,3.1,3.1,2.98,3.0,53800,0
2015-11-10 00:00:00,2.98,3.5,2.98,3.08,1366100,0
2015-11-11 00:00:00,3.1,3.18,3.04,3.04,74200,0
2015-11-12 00:00:00,3.02,3.1,3.0,3.0,97500,0
2015-11-13 00:00:00,3.0,3.1,3.0,3.06,77300,0
2015-11-16 00:00:00,3.02,3.06,3.02,3.06,38100,0
2015-11-17 00:00:00,3.02,3.1,3.0,3.06,43100,0
2015-11-18 00:00:00,3.24,3.24,3.04,3.08,314400,0
2015-11-19 00:00:00,3.18,3.18,3.08,3.12,144900,0
2015-11-20 00:00:00,3.08,3.16,3.08,3.16,24400,0
2015-11-23 00:00:00,3.1,3.18,3.1,3.16,28800,0
2015-11-24 00:00:00,3.12,3.18,3.06,3.08,167900,0
2015-11-25 00:00:00,3.04,3.14,3.04,3.1,25600,0
2015-11-26 00:00:00,3.08,3.14,3.08,3.08,20800,0
2015-11-27 00:00:00,3.02,3.12,3.02,3.06,20800,0
2015-11-30 00:00:00,3.02,3.12,3.02,3.06,12100,0
2015-12-01 00:00:00,3.04,3.1,3.04,3.04,52500,0
2015-12-02 00:00:00,3.02,3.12,2.9,2.9,67500,0
2015-12-03 00:00:00,2.72,2.96,2.72,2.92,60100,0
2015-12-04 00:00:00,2.98,2.98,2.86,2.88,14400,0
2015-12-08 00:00:00,2.8,2.94,2.4,2.4,64500,0
2015-12-09 00:00:00,2.52,2.8,2.52,2.62,167100,0
2015-12-11 00:00:00,2.64,2.74,2.6,2.62,29300,0
2015-12-14 00:00:00,2.66,2.8,2.6,2.7,89300,0
2015-12-15 00:00:00,2.66,2.8,2.66,2.8,122700,0
2015-12-16 00:00:00,2.78,2.82,2.74,2.82,13700,0
2015-12-17 00:00:00,2.76,2.82,2.76,2.8,15100,0
2015-12-18 00:00:00,2.8,2.82,2.74,2.82,57600,0
2015-12-21 00:00:00,2.76,2.76,2.66,2.66,5600,0
2015-12-22 00:00:00,2.6,2.68,2.42,2.48,150400,0
2015-12-23 00:00:00,2.46,2.58,2.44,2.56,29900,0
2015-12-24 00:00:00,2.58,2.62,2.48,2.5,21700,0
2015-12-25 00:00:00,2.56,2.58,2.5,2.56,18900,0
2015-12-28 00:00:00,2.56,2.58,2.5,2.58,400,0
2015-12-29 00:00:00,2.54,2.58,2.5,2.58,82000,0
2015-12-30 00:00:00,2.6,2.7,2.56,2.58,17400,0
2016-01-04 00:00:00,2.6,2.62,2.56,2.58,3100,0
2016-01-05 00:00:00,2.6,2.62,2.6,2.62,200,0
2016-01-06 00:00:00,2.62,2.88,2.54,2.76,38700,0
2016-01-07 00:00:00,2.72,2.72,2.6,2.6,6100,0
2016-01-08 00:00:00,2.64,2.64,2.58,2.6,2100,0
2016-01-11 00:00:00,2.64,2.64,2.5,2.64,44600,0
2016-01-12 00:00:00,2.62,2.72,2.62,2.72,2200,0
2016-01-13 00:00:00,2.72,2.84,2.7,2.7,59600,0
2016-01-14 00:00:00,2.74,2.74,2.68,2.7,11400,0
2016-01-15 00:00:00,2.74,2.74,2.62,2.68,45300,0
2016-01-18 00:00:00,2.68,2.68,2.68,2.68,100,0
2016-01-19 00:00:00,2.64,2.64,2.58,2.58,27700,0
2016-01-20 00:00:00,2.66,2.68,2.52,2.52,41600,0
2016-01-21 00:00:00,2.58,2.64,2.52,2.58,7500,0
2016-01-22 00:00:00,2.56,2.66,2.52,2.62,1600,0
2016-01-25 00:00:00,2.64,2.66,2.56,2.66,10000,0
2016-01-26 00:00:00,2.62,2.64,2.56,2.64,6700,0
2016-01-27 00:00:00,2.68,2.7,2.64,2.66,210500,0
2016-01-28 00:00:00,2.68,2.78,2.64,2.66,42100,0
2016-01-29 00:00:00,2.68,2.68,2.62,2.68,1800,0
2016-02-01 00:00:00,2.64,2.78,2.64,2.76,30200,0
2016-02-03 00:00:00,2.66,2.7,2.62,2.7,35600,0
2016-02-04 00:00:00,2.72,2.74,2.62,2.7,59400,0
2016-02-05 00:00:00,2.7,2.72,2.6,2.7,50800,0
2016-02-08 00:00:00,2.7,2.7,2.58,2.62,44900,0
2016-02-09 00:00:00,2.54,2.68,2.54,2.66,19800,0
2016-02-10 00:00:00,2.66,2.74,2.56,2.66,85800,0
2016-02-11 00:00:00,2.66,2.68,2.56,2.58,94500,0
2016-02-12 00:00:00,2.58,2.6,2.52,2.56,40500,0
2016-02-15 00:00:00,2.56,2.64,2.56,2.6,30000,0
2016-02-16 00:00:00,2.64,2.64,2.54,2.64,47100,0
2016-02-17 00:00:00,2.6,2.62,2.54,2.54,64100,0
2016-02-18 00:00:00,2.56,2.62,2.56,2.6,14300,0
2016-02-19 00:00:00,2.56,2.6,2.56,2.58,10900,0
2016-02-23 00:00:00,2.58,2.58,2.54,2.58,3600,0
2016-02-24 00:00:00,2.54,2.6,2.54,2.6,45600,0
2016-02-25 00:00:00,2.54,2.62,2.54,2.6,7500,0
2016-02-26 00:00:00,2.62,2.62,2.6,2.6,27400,0
2016-02-29 00:00:00,2.66,2.66,2.64,2.64,1100,0
2016-03-01 00:00:00,2.62,2.66,2.62,2.64,3100,0
2016-03-02 00:00:00,2.6,2.64,2.6,2.64,15100,0
2016-03-03 00:00:00,2.6,2.66,2.6,2.66,13500,0
2016-03-04 00:00:00,2.64,2.66,2.64,2.66,600,0
2016-03-07 00:00:00,2.66,2.66,2.58,2.62,16300,0
2016-03-08 00:00:00,2.6,2.64,2.6,2.62,9500,0
2016-03-09 00:00:00,2.62,2.64,2.62,2.64,42600,0
2016-03-10 00:00:00,2.52,2.66,2.52,2.6,6800,0
2016-03-11 00:00:00,2.6,2.6,2.58,2.58,13300,0
2016-03-14 00:00:00,2.62,2.64,2.62,2.64,400,0
2016-03-15 00:00:00,2.62,2.62,2.58,2.6,7300,0
2016-03-16 00:00:00,2.6,2.62,2.6,2.62,13700,0
2016-03-17 00:00:00,2.6,2.64,2.58,2.64,20600,0
2016-03-18 00:00:00,2.6,2.62,2.6,2.62,94700,0
2016-03-21 00:00:00,2.62,2.62,2.6,2.62,148600,0
2016-03-22 00:00:00,2.6,2.62,2.58,2.62,87800,0
2016-03-23 00:00:00,2.64,2.64,2.58,2.64,80100,0
2016-03-24 00:00:00,2.6,2.6,2.58,2.6,111700,0
2016-03-25 00:00:00,2.6,2.62,2.6,2.6,139800,0
2016-03-28 00:00:00,2.6,2.78,2.6,2.7,141500,0
2016-03-29 00:00:00,2.74,2.74,2.7,2.7,7900,0
2016-03-30 00:00:00,2.72,2.76,2.66,2.66,112800,0
2016-03-31 00:00:00,2.64,2.72,2.64,2.7,9100,0
2016-04-01 00:00:00,2.66,2.72,2.66,2.68,47000,0
2016-04-04 00:00:00,2.64,2.8,2.64,2.78,74200,0
2016-04-05 00:00:00,2.68,2.84,2.68,2.76,62300,0
2016-04-07 00:00:00,2.7,2.8,2.7,2.7,99700,0
2016-04-08 00:00:00,2.7,2.76,2.7,2.76,16700,0
2016-04-11 00:00:00,2.68,2.76,2.68,2.7,19900,0
2016-04-12 00:00:00,2.68,2.76,2.68,2.7,41500,0
2016-04-18 00:00:00,2.7,2.74,2.7,2.74,8100,0
2016-04-19 00:00:00,2.7,2.78,2.7,2.72,48100,0
2016-04-20 00:00:00,2.72,2.82,2.72,2.82,119100,0
2016-04-21 00:00:00,2.78,2.86,2.78,2.78,68600,0
2016-04-22 00:00:00,2.76,2.82,2.76,2.8,49300,0
2016-04-25 00:00:00,2.78,2.92,2.78,2.82,124000,0
2016-04-26 00:00:00,2.84,3.66,2.84,3.66,7519900,0
2016-04-27 00:00:00,4.02,4.04,3.38,3.44,12883600,0
2016-04-28 00:00:00,3.46,3.5,3.28,3.4,2922800,0
2016-04-29 00:00:00,3.38,3.46,3.34,3.38,1428800,0
2016-05-03 00:00:00,3.4,3.56,3.36,3.36,3121000,0
2016-05-04 00:00:00,3.38,3.38,3.32,3.38,247000,0
2016-05-09 00:00:00,3.34,3.5,3.3,3.38,1548900,0
2016-05-10 00:00:00,3.4,3.54,3.4,3.46,1420100,0
2016-05-11 00:00:00,3.46,3.46,3.3,3.34,331400,0
2016-05-12 00:00:00,3.36,3.38,3.3,3.38,293600,0
2016-05-13 00:00:00,4.12,4.16,3.56,3.74,7190500,0
2016-05-16 00:00:00,3.76,4.22,3.68,3.94,10486700,0
2016-05-17 00:00:00,3.94,4.54,3.9,4.4,22960600,0
2016-05-18 00:00:00,4.4,4.44,4.26,4.4,9112800,0
2016-05-19 00:00:00,4.48,4.56,4.06,4.1,11158900,0
2016-05-23 00:00:00,4.18,4.3,4.08,4.16,4164400,0
2016-05-24 00:00:00,4.18,4.22,4.14,4.16,1706500,0
2016-05-25 00:00:00,4.2,4.2,4.12,4.12,825600,0
2016-05-26 00:00:00,4.16,4.24,4.12,4.2,1840700,0
2016-05-27 00:00:00,4.24,4.24,4.12,4.16,1395700,0
2016-05-30 00:00:00,4.2,4.26,4.16,4.2,1157400,0
2016-05-31 00:00:00,4.18,4.22,4.14,4.14,976200,0
2016-06-01 00:00:00,4.16,4.2,4.06,4.08,812000,0
2016-06-02 00:00:00,4.06,4.16,4.06,4.16,721100,0
2016-06-03 00:00:00,4.16,4.16,4.12,4.16,199200,0
2016-06-06 00:00:00,4.18,4.18,4.14,4.16,203600,0
2016-06-07 00:00:00,4.18,4.2,4.06,4.08,766200,0
2016-06-08 00:00:00,4.06,4.14,4.04,4.08,508900,0
2016-06-09 00:00:00,4.04,4.08,3.72,3.72,1219500,0
2016-06-10 00:00:00,3.7,3.9,3.7,3.7,918300,0
2016-06-13 00:00:00,3.66,3.84,3.66,3.74,731700,0
2016-06-14 00:00:00,3.7,3.82,3.7,3.74,619600,0
2016-06-15 00:00:00,3.74,3.78,3.74,3.74,115000,0
2016-06-16 00:00:00,3.68,3.78,3.68,3.68,527000,0
2016-06-17 00:00:00,3.7,3.74,3.66,3.66,544700,0
2016-06-20 00:00:00,3.7,3.72,3.64,3.64,480200,0
2016-06-21 00:00:00,3.64,3.66,3.64,3.66,326100,0
2016-06-22 00:00:00,3.6,3.64,3.54,3.54,563100,0
2016-06-23 00:00:00,3.5,3.54,3.42,3.42,490800,0
2016-06-24 00:00:00,3.4,3.62,3.38,3.6,2039400,0
2016-06-27 00:00:00,3.54,3.92,3.54,3.74,2388600,0
2016-06-28 00:00:00,3.76,3.9,3.76,3.88,1272800,0
2016-06-29 00:00:00,3.92,3.92,3.8,3.82,267300,0
2016-06-30 00:00:00,3.72,3.88,3.72,3.86,400900,0
2016-07-04 00:00:00,3.92,4.12,3.92,4.04,2507200,0
2016-07-05 00:00:00,4.02,4.08,4.0,4.0,512100,0
2016-07-06 00:00:00,4.06,4.06,3.96,3.96,100700,0
2016-07-07 00:00:00,3.94,4.04,3.94,4.0,212800,0
2016-07-08 00:00:00,3.92,4.08,3.92,4.0,387700,0
2016-07-11 00:00:00,4.06,4.14,4.0,4.0,1305700,0
2016-07-12 00:00:00,4.02,4.1,3.98,3.98,440800,0
2016-07-13 00:00:00,4.04,4.04,3.96,3.96,303800,0
2016-07-14 00:00:00,3.98,4.12,3.98,4.02,312700,0
2016-07-15 00:00:00,4.08,4.1,4.0,4.0,127500,0
2016-07-20 00:00:00,4.08,4.08,4.0,4.06,165900,0
2016-07-21 00:00:00,4.02,4.08,4.0,4.02,116300,0
2016-07-22 00:00:00,4.04,4.34,4.04,4.3,5112900,0
2016-07-25 00:00:00,4.3,4.4,4.28,4.34,2758200,0
2016-07-26 00:00:00,4.36,4.38,4.28,4.38,708900,0
2016-07-27 00:00:00,4.38,4.46,4.34,4.34,1115500,0
2016-07-28 00:00:00,4.36,4.4,4.32,4.34,509100,0
2016-07-29 00:00:00,4.36,4.4,4.32,4.32,336300,0
2016-08-01 00:00:00,4.3,4.38,4.28,4.3,95800,0
2016-08-02 00:00:00,4.28,4.34,4.22,4.24,510600,0
2016-08-03 00:00:00,4.24,4.3,4.24,4.3,248100,0
2016-08-04 00:00:00,4.32,4.36,4.3,4.36,209100,0
2016-08-05 00:00:00,4.4,4.4,4.34,4.36,314700,0
2016-08-08 00:00:00,4.4,4.44,4.36,4.36,318700,0
2016-08-09 00:00:00,4.36,4.52,4.36,4.52,1602300,0
2016-08-10 00:00:00,4.7,4.9,4.5,4.6,5962100,0
2016-08-11 00:00:00,4.62,4.8,4.6,4.66,8093000,0
2016-08-15 00:00:00,4.7,4.8,4.5,4.62,4032200,0
2016-08-16 00:00:00,4.62,4.64,4.48,4.6,1687900,0
2016-08-17 00:00:00,4.58,4.6,4.56,4.56,738500,0
2016-08-18 00:00:00,4.54,4.68,4.54,4.56,867400,0
2016-08-19 00:00:00,4.62,4.62,4.54,4.54,1143200,0
2016-08-22 00:00:00,4.54,4.58,4.36,4.36,1094700,0
2016-08-23 00:00:00,4.34,4.38,4.3,4.34,600400,0
2016-08-24 00:00:00,4.24,4.36,4.24,4.34,353700,0
2016-08-25 00:00:00,4.3,4.42,4.3,4.38,423700,0
2016-08-26 00:00:00,4.4,4.54,4.38,4.4,854200,0
2016-08-29 00:00:00,4.42,4.56,4.38,4.38,523800,0
2016-08-30 00:00:00,4.4,4.48,4.4,4.46,195700,0
2016-08-31 00:00:00,4.52,4.52,4.4,4.4,507100,0
2016-09-01 00:00:00,4.44,4.46,4.3,4.4,216300,0
2016-09-02 00:00:00,4.34,4.4,4.28,4.3,558600,0
2016-09-05 00:00:00,4.3,4.34,4.12,4.12,918900,0
2016-09-06 00:00:00,4.1,4.16,4.08,4.08,611100,0
2016-09-07 00:00:00,4.08,4.2,4.06,4.08,524200,0
2016-09-08 00:00:00,4.08,4.14,3.94,3.94,294300,0
2016-09-09 00:00:00,3.96,4.04,3.86,4.0,215800,0
2016-09-12 00:00:00,3.7,3.92,3.7,3.86,522100,0
2016-09-13 00:00:00,3.86,3.94,3.86,3.9,420700,0
2016-09-14 00:00:00,3.92,4.0,3.84,3.88,653200,0
2016-09-15 00:00:00,3.9,3.94,3.9,3.94,135700,0
2016-09-16 00:00:00,3.94,4.0,3.94,3.94,202500,0
2016-09-19 00:00:00,3.96,4.0,3.92,3.96,350800,0
2016-09-20 00:00:00,3.94,3.94,3.86,3.86,312000,0
2016-09-21 00:00:00,3.9,4.06,3.9,3.94,310100,0
2016-09-22 00:00:00,3.98,4.04,3.98,4.04,59200,0
2016-09-23 00:00:00,4.04,4.06,3.96,3.96,161500,0
2016-09-26 00:00:00,3.94,4.0,3.94,4.0,56200,0
2016-09-27 00:00:00,4.0,4.0,3.98,4.0,67000,0
2016-09-28 00:00:00,3.96,4.0,3.9,3.96,214800,0
2016-09-29 00:00:00,4.0,4.0,3.9,3.94,95300,0
2016-09-30 00:00:00,3.9,3.94,3.88,3.88,129300,0
2016-10-03 00:00:00,3.9,3.92,3.88,3.92,18700,0
2016-10-04 00:00:00,3.92,3.94,3.9,3.94,19200,0
2016-10-05 00:00:00,3.94,3.98,3.94,3.98,98300,0
2016-10-06 00:00:00,3.96,4.02,3.94,3.94,426400,0
2016-10-07 00:00:00,3.96,4.2,3.96,4.04,732900,0
2016-10-10 00:00:00,3.92,4.04,3.84,3.86,290600,0
2016-10-11 00:00:00,3.88,3.96,3.8,3.86,220500,0
2016-10-12 00:00:00,3.84,3.84,3.6,3.7,217400,0
2016-10-13 00:00:00,3.6,3.76,3.6,3.7,180800,0
2016-10-14 00:00:00,3.76,3.96,3.74,3.9,96200,0
2016-10-17 00:00:00,3.86,4.0,3.84,3.9,97100,0
2016-10-18 00:00:00,3.9,4.04,3.88,4.04,224700,0
2016-10-19 00:00:00,4.04,4.1,4.02,4.06,152300,0
2016-10-20 00:00:00,4.08,4.1,4.02,4.06,229800,0
2016-10-21 00:00:00,4.06,4.28,4.04,4.22,986200,0
2016-10-25 00:00:00,4.28,4.3,4.24,4.28,585800,0
2016-10-26 00:00:00,4.32,4.32,4.24,4.24,1006800,0
2016-10-27 00:00:00,4.28,4.32,4.26,4.28,473100,0
2016-10-28 00:00:00,4.32,4.34,4.3,4.32,220700,0
2016-10-31 00:00:00,4.36,4.46,4.3,4.44,503400,0
2016-11-01 00:00:00,4.48,4.52,4.44,4.44,695300,0
2016-11-02 00:00:00,4.46,4.58,4.44,4.52,1293000,0
2016-11-03 00:00:00,4.58,4.58,4.48,4.52,203800,0
2016-11-04 00:00:00,4.48,4.58,4.42,4.58,592800,0
2016-11-07 00:00:00,4.6,4.66,4.52,4.6,440300,0
2016-11-08 00:00:00,4.6,4.68,4.58,4.6,370200,0
2016-11-09 00:00:00,4.32,4.6,4.32,4.6,158450,0
2016-11-10 00:00:00,4.6,4.6,4.54,4.56,302100,0
2016-11-11 00:00:00,4.76,5.0,4.7,4.74,4892900,0
2016-11-14 00:00:00,4.82,4.82,4.7,4.78,1074300,0
2016-11-15 00:00:00,4.78,4.8,4.62,4.72,498400,0
2016-11-16 00:00:00,4.76,4.8,4.7,4.7,421800,0
2016-11-17 00:00:00,4.7,4.78,4.66,4.76,396600,0
2016-11-18 00:00:00,4.78,4.92,4.78,4.78,1239000,0
2016-11-21 00:00:00,4.86,4.86,4.76,4.86,347800,0
2016-11-22 00:00:00,4.98,5.1,4.9,4.92,4563100,0
2016-11-23 00:00:00,4.92,4.92,4.8,4.84,877900,0
2016-11-24 00:00:00,4.88,4.88,4.8,4.8,488000,0
2016-11-25 00:00:00,4.86,4.86,4.8,4.82,237400,0
2016-11-28 00:00:00,4.88,4.88,4.82,4.84,365100,0
2016-11-29 00:00:00,4.84,4.86,4.82,4.82,305000,0
2016-11-30 00:00:00,4.82,4.86,4.74,4.86,870700,0
2016-12-01 00:00:00,4.86,4.88,4.76,4.8,482800,0
2016-12-02 00:00:00,4.8,4.84,4.76,4.78,26500,0
2016-12-06 00:00:00,4.82,4.82,4.76,4.78,150100,0
2016-12-07 00:00:00,4.74,4.8,4.74,4.74,263700,0
2016-12-08 00:00:00,4.76,4.84,4.76,4.76,333900,0
2016-12-09 00:00:00,4.78,4.8,4.78,4.78,131600,0
2016-12-13 00:00:00,4.82,6.2,4.8,6.2,42098000,0
2016-12-14 00:00:00,6.45,7.95,6.45,7.7,75924900,0
2016-12-15 00:00:00,7.5,7.7,7.15,7.55,27835000,0
2016-12-16 00:00:00,7.75,8.0,7.2,7.3,33431900,0
2016-12-19 00:00:00,7.45,7.45,6.7,6.9,9856400,0
2016-12-20 00:00:00,6.95,7.45,6.95,7.45,22742000,0
2016-12-21 00:00:00,7.55,7.55,7.1,7.1,12840100,0
2016-12-22 00:00:00,6.85,7.25,6.85,6.95,9204600,0
2016-12-23 00:00:00,7.0,7.1,6.85,6.85,3782400,0
2016-12-26 00:00:00,6.9,6.95,6.55,6.65,3020600,0
2016-12-27 00:00:00,6.6,7.2,6.6,6.9,8137900,0
2016-12-28 00:00:00,6.9,7.0,6.8,6.8,1934100,0
2016-12-29 00:00:00,6.95,7.35,6.85,6.9,9089700,0
2016-12-30 00:00:00,7.0,7.15,6.8,6.85,3901500,0
2017-01-04 00:00:00,6.9,7.25,6.9,7.05,5382600,0
2017-01-05 00:00:00,7.1,8.9,7.1,8.9,65779400,0
2017-01-06 00:00:00,9.0,9.65,8.25,8.25,70366000,0
2017-01-09 00:00:00,8.35,8.45,8.0,8.0,12046000,0
2017-01-10 00:00:00,8.0,9.7,7.95,9.2,87816700,0
2017-01-11 00:00:00,9.05,9.05,8.55,8.7,20409300,0
2017-01-12 00:00:00,8.7,9.35,8.65,9.0,44298800,0
2017-01-13 00:00:00,9.05,9.1,8.75,8.9,9941400,0
2017-01-16 00:00:00,8.9,9.45,8.8,8.85,35590700,0
2017-01-17 00:00:00,8.9,9.15,8.7,8.75,10836100,0
2017-01-18 00:00:00,8.85,9.05,8.55,8.65,8638300,0
2017-01-19 00:00:00,8.75,8.85,8.35,8.55,5735000,0
2017-01-20 00:00:00,8.55,8.8,8.5,8.65,3792600,0
2017-01-23 00:00:00,8.75,9.1,8.7,8.95,18127900,0
2017-01-24 00:00:00,9.05,9.15,8.6,8.7,11616700,0
2017-01-25 00:00:00,8.8,8.8,8.65,8.7,3234200,0
2017-01-26 00:00:00,8.7,8.75,8.6,8.65,2142300,0
2017-01-27 00:00:00,8.65,8.7,8.5,8.5,1134700,0
2017-01-30 00:00:00,8.45,8.85,8.35,8.65,6123700,0
2017-01-31 00:00:00,8.65,8.7,8.55,8.55,1321600,0
2017-02-01 00:00:00,8.55,8.65,8.4,8.4,1496700,0
2017-02-02 00:00:00,8.4,8.5,8.0,8.0,2796600,0
2017-02-03 00:00:00,8.0,8.0,7.65,7.75,3581500,0
2017-02-06 00:00:00,7.8,8.55,7.8,8.45,14179200,0
2017-02-07 00:00:00,8.5,8.65,8.25,8.3,10308500,0
2017-02-08 00:00:00,8.35,8.5,8.2,8.3,2623200,0
2017-02-09 00:00:00,8.3,8.35,8.0,8.15,2350400,0
2017-02-10 00:00:00,8.25,9.0,8.15,8.3,33278000,0
2017-02-14 00:00:00,8.3,8.4,8.15,8.15,5675600,0
2017-02-15 00:00:00,8.2,8.4,8.0,8.1,5667400,0
2017-02-16 00:00:00,8.15,8.3,8.05,8.2,3252000,0
2017-02-17 00:00:00,8.3,8.45,8.2,8.2,4965200,0
2017-02-20 00:00:00,8.25,8.45,8.2,8.4,4199800,0
2017-02-21 00:00:00,8.4,8.4,8.2,8.2,3386600,0
2017-02-22 00:00:00,8.25,8.25,8.1,8.15,1432300,0
2017-02-23 00:00:00,8.15,8.6,8.15,8.55,9556400,0
2017-02-24 00:00:00,9.0,9.55,8.85,8.95,60243500,0
2017-02-27 00:00:00,8.75,8.85,8.5,8.5,8532200,0
2017-02-28 00:00:00,8.45,8.6,8.3,8.4,4379500,0
2017-03-01 00:00:00,8.4,8.75,8.4,8.55,4842300,0
2017-03-02 00:00:00,8.6,8.7,8.55,8.6,2480200,0
2017-03-03 00:00:00,8.6,8.6,8.4,8.45,1179200,0
2017-03-06 00:00:00,8.45,8.45,8.2,8.2,2351300,0
2017-03-07 00:00:00,8.2,8.3,8.05,8.1,1431400,0
2017-03-08 00:00:00,8.1,8.15,7.7,7.75,2797200,0
2017-03-09 00:00:00,7.85,8.1,7.7,8.0,3778100,0
2017-03-10 00:00:00,8.0,8.25,7.8,7.9,2924200,0
2017-03-13 00:00:00,7.9,7.95,7.75,7.75,862200,0
2017-03-14 00:00:00,7.85,8.15,7.7,8.05,2443300,0
2017-03-15 00:00:00,8.0,8.1,7.9,7.9,1216500,0
2017-03-16 00:00:00,7.95,8.3,7.95,8.2,7315600,0
2017-03-17 00:00:00,8.35,8.45,8.25,8.4,8747800,0
2017-03-20 00:00:00,8.45,8.55,8.2,8.25,6451500,0
2017-03-21 00:00:00,8.25,8.25,7.9,7.95,6544500,0
2017-03-22 00:00:00,7.9,8.05,7.9,8.0,949700,0
2017-03-23 00:00:00,8.05,8.2,8.0,8.05,2786600,0
2017-03-24 00:00:00,8.05,8.1,8.0,8.0,987900,0
2017-03-27 00:00:00,8.05,8.05,7.95,7.95,381200,0
2017-03-28 00:00:00,7.9,8.1,7.9,8.1,1231700,0
2017-03-29 00:00:00,8.2,8.3,8.1,8.1,4798100,0
2017-03-30 00:00:00,8.15,8.15,8.05,8.1,739100,0
2017-03-31 00:00:00,8.1,8.5,8.1,8.25,11184900,0
2017-04-03 00:00:00,8.2,8.35,8.05,8.1,3366400,0
2017-04-04 00:00:00,8.05,8.25,8.05,8.1,1247500,0
2017-04-05 00:00:00,8.1,8.25,8.05,8.1,1892400,0
2017-04-07 00:00:00,8.1,8.3,8.1,8.1,2048600,0
2017-04-10 00:00:00,8.15,8.2,8.1,8.2,1777600,0
2017-04-11 00:00:00,8.3,8.4,8.05,8.1,7051600,0
2017-04-12 00:00:00,8.1,8.15,8.05,8.05,760300,0
2017-04-17 00:00:00,8.05,8.1,8.0,8.0,1374500,0
2017-04-18 00:00:00,8.0,8.1,8.0,8.05,1002500,0
2017-04-19 00:00:00,8.05,8.05,7.9,7.95,1288000,0
2017-04-20 00:00:00,7.95,8.1,7.95,8.0,1030600,0
2017-04-21 00:00:00,8.0,8.1,7.95,8.0,989600,0
2017-04-24 00:00:00,8.0,8.05,7.85,7.9,872000,0
2017-04-25 00:00:00,7.95,8.0,7.75,7.8,1744200,0
2017-04-26 00:00:00,7.8,7.9,7.75,7.8,1013800,0
2017-04-27 00:00:00,7.85,8.2,7.8,8.1,2122000,0
2017-04-28 00:00:00,8.15,8.15,8.0,8.05,613100,0
2017-05-02 00:00:00,8.1,8.2,8.05,8.05,967700,0
2017-05-03 00:00:00,8.1,8.1,8.05,8.05,745900,0
2017-05-04 00:00:00,8.1,8.15,8.05,8.1,795400,0
2017-05-05 00:00:00,8.1,8.25,8.05,8.15,5963100,0
2017-05-08 00:00:00,6.0,6.1,5.95,6.1,2709900,0
2017-05-09 00:00:00,6.05,6.05,5.85,5.95,907100,0
2017-05-11 00:00:00,5.95,5.95,5.55,5.55,1578500,0
2017-05-12 00:00:00,5.55,5.65,5.5,5.5,950500,0
2017-05-15 00:00:00,5.55,5.55,5.35,5.35,528100,0
2017-05-16 00:00:00,5.3,5.3,5.05,5.2,1586700,0
2017-05-17 00:00:00,5.15,5.45,5.1,5.3,1790500,0
2017-05-18 00:00:00,5.15,5.3,5.15,5.3,876500,0
2017-05-19 00:00:00,5.3,5.8,5.25,5.5,3489600,0
2017-05-22 00:00:00,5.55,5.7,5.5,5.65,2155800,0
2017-05-23 00:00:00,5.65,5.95,5.6,5.8,2712500,0
2017-05-24 00:00:00,5.85,6.05,5.75,5.85,2256400,0
2017-05-25 00:00:00,5.85,6.0,5.85,6.0,1107900,0
2017-05-26 00:00:00,6.0,6.0,5.85,5.9,250300,0
2017-05-29 00:00:00,5.9,5.9,5.7,5.8,782500,0
2017-05-30 00:00:00,5.85,5.95,5.75,5.75,447700,0
2017-05-31 00:00:00,5.8,5.85,5.7,5.75,504200,0
2017-06-01 00:00:00,5.75,5.85,5.75,5.75,326400,0
2017-06-02 00:00:00,5.7,6.05,5.65,5.7,2742800,0
2017-06-05 00:00:00,5.6,5.6,5.45,5.5,1544900,0
2017-06-06 00:00:00,5.5,5.75,5.5,5.55,2347500,0
2017-06-07 00:00:00,5.6,5.65,5.5,5.5,630200,0
2017-06-08 00:00:00,5.55,5.85,5.5,5.75,4224500,0
2017-06-09 00:00:00,6.0,6.2,5.8,5.8,10820000,0
2017-06-12 00:00:00,5.7,5.95,5.7,5.7,2267500,0
2017-06-13 00:00:00,5.7,5.8,5.7,5.75,829600,0
2017-06-14 00:00:00,5.75,5.9,5.7,5.75,2390600,0
2017-06-15 00:00:00,5.8,6.0,5.75,5.9,2544200,0
2017-06-16 00:00:00,5.85,5.9,5.75,5.75,5156000,0
2017-06-19 00:00:00,5.8,5.85,5.7,5.7,2586100,0
2017-06-20 00:00:00,5.65,5.9,5.65,5.7,2564800,0
2017-06-21 00:00:00,5.7,5.8,5.65,5.7,1203100,0
2017-06-22 00:00:00,5.7,5.85,5.55,5.6,2560400,0
2017-06-23 00:00:00,5.65,5.65,5.5,5.55,1698000,0
2017-06-26 00:00:00,5.55,5.6,5.55,5.55,404300,0
2017-06-27 00:00:00,5.6,5.65,5.55,5.55,413300,0
2017-06-28 00:00:00,5.55,5.65,5.5,5.55,575700,0
2017-06-29 00:00:00,5.55,5.6,5.5,5.5,464300,0
2017-06-30 00:00:00,5.5,5.5,5.05,5.3,1169000,0
2017-07-03 00:00:00,5.3,5.4,5.3,5.3,213700,0
2017-07-04 00:00:00,5.35,5.35,5.25,5.3,135000,0
2017-07-05 00:00:00,5.3,5.3,5.15,5.15,310200,0
2017-07-06 00:00:00,5.15,5.15,5.05,5.05,593900,0
2017-07-07 00:00:00,5.1,5.1,5.0,5.05,612400,0
2017-07-11 00:00:00,5.05,5.05,4.96,4.96,872900,0
2017-07-12 00:00:00,4.96,4.96,4.8,4.86,1981200,0
2017-07-13 00:00:00,4.84,5.05,4.84,4.96,1565700,0
2017-07-14 00:00:00,5.1,5.15,4.94,4.94,1839500,0
2017-07-17 00:00:00,4.98,5.05,4.96,4.96,382500,0
2017-07-18 00:00:00,4.98,5.05,4.92,4.92,259200,0
2017-07-19 00:00:00,4.94,5.0,4.94,4.94,319900,0
2017-07-20 00:00:00,4.98,5.05,4.96,4.96,629300,0
2017-07-21 00:00:00,5.0,5.0,4.92,4.92,405300,0
2017-07-24 00:00:00,4.94,4.94,4.88,4.88,198200,0
2017-07-25 00:00:00,4.88,4.9,4.88,4.88,101100,0
2017-07-26 00:00:00,4.9,4.9,4.84,4.84,256600,0
2017-07-27 00:00:00,4.88,4.9,4.82,4.82,231000,0
2017-07-31 00:00:00,4.84,4.84,4.76,4.76,370100,0
2017-08-01 00:00:00,4.76,4.84,4.76,4.8,181500,0
2017-08-02 00:00:00,4.76,4.86,4.76,4.8,99000,0
2017-08-03 00:00:00,4.82,4.88,4.8,4.84,94200,0
2017-08-04 00:00:00,4.86,4.94,4.84,4.88,455400,0
2017-08-07 00:00:00,4.92,5.0,4.84,4.86,515900,0
2017-08-08 00:00:00,4.86,4.9,4.82,4.82,476900,0
2017-08-09 00:00:00,4.82,4.92,4.76,4.78,655000,0
2017-08-10 00:00:00,4.48,4.5,4.32,4.32,2178400,0
2017-08-11 00:00:00,4.32,4.32,3.94,3.98,3262800,0
2017-08-15 00:00:00,3.96,4.12,3.96,4.02,1661400,0
2017-08-16 00:00:00,4.04,4.1,4.02,4.02,482600,0
2017-08-17 00:00:00,4.02,4.1,4.02,4.04,847300,0
2017-08-18 00:00:00,4.02,4.26,4.02,4.08,1944500,0
2017-08-21 00:00:00,4.08,4.2,4.06,4.06,547300,0
2017-08-22 00:00:00,4.04,4.08,4.04,4.04,192700,0
2017-08-23 00:00:00,4.06,4.16,4.06,4.08,559200,0
2017-08-24 00:00:00,4.12,4.12,4.06,4.06,180800,0
2017-08-25 00:00:00,4.08,4.08,4.06,4.06,69000,0
2017-08-28 00:00:00,4.06,4.1,4.06,4.06,291700,0
2017-08-29 00:00:00,4.08,4.12,4.08,4.1,230500,0
2017-08-30 00:00:00,4.12,4.14,4.1,4.1,476600,0
2017-08-31 00:00:00,4.1,4.12,4.1,4.1,290900,0
2017-09-01 00:00:00,4.1,4.14,4.1,4.12,213900,0
2017-09-04 00:00:00,4.14,4.58,4.1,4.58,4827600,0
2017-09-05 00:00:00,4.58,4.82,4.58,4.72,1666300,0
2017-09-06 00:00:00,4.76,5.1,4.72,4.72,6150200,0
2017-09-07 00:00:00,4.74,4.76,4.64,4.64,1105500,0
2017-09-08 00:00:00,4.66,4.68,4.62,4.64,527000,0
2017-09-11 00:00:00,4.64,4.74,4.64,4.7,265900,0
2017-09-12 00:00:00,4.72,4.82,4.7,4.72,1324000,0
2017-09-13 00:00:00,4.74,4.76,4.7,4.72,366100,0
2017-09-14 00:00:00,4.76,4.76,4.72,4.72,268800,0
2017-09-15 00:00:00,4.74,4.84,4.72,4.8,1787200,0
2017-09-18 00:00:00,4.8,4.92,4.74,4.76,1853400,0
2017-09-19 00:00:00,4.76,4.8,4.76,4.76,445200,0
2017-09-20 00:00:00,4.78,4.82,4.76,4.78,452200,0
2017-09-21 00:00:00,4.8,4.88,4.8,4.84,1211600,0
2017-09-22 00:00:00,4.86,4.86,4.8,4.84,258600,0
2017-09-25 00:00:00,4.8,4.84,4.78,4.8,217200,0
2017-09-26 00:00:00,4.8,4.86,4.76,4.84,373100,0
2017-09-27 00:00:00,4.88,4.88,4.8,4.8,225500,0
2017-09-28 00:00:00,4.82,4.86,4.8,4.8,193400,0
2017-09-29 00:00:00,4.82,4.84,4.8,4.8,137900,0
2017-10-02 00:00:00,4.8,4.8,4.76,4.78,187000,0
2017-10-03 00:00:00,4.78,4.84,4.76,4.8,255000,0
2017-10-04 00:00:00,4.78,4.86,4.78,4.78,430700,0
2017-10-05 00:00:00,4.78,4.78,4.74,4.74,359200,0
2017-10-06 00:00:00,4.74,4.74,4.7,4.72,925300,0
2017-10-09 00:00:00,4.74,4.74,4.68,4.72,148300,0
2017-10-10 00:00:00,4.7,4.7,4.64,4.7,90000,0
2017-10-11 00:00:00,4.7,4.72,4.64,4.64,216200,0
2017-10-12 00:00:00,4.68,4.72,4.62,4.64,244000,0
2017-10-16 00:00:00,4.66,4.72,4.62,4.64,330800,0
2017-10-17 00:00:00,4.64,4.64,4.6,4.64,282500,0
2017-10-18 00:00:00,4.64,4.64,4.6,4.62,604100,0
2017-10-19 00:00:00,4.66,4.66,4.52,4.56,524900,0
2017-10-20 00:00:00,4.52,4.64,4.48,4.52,208500,0
2017-10-24 00:00:00,4.56,4.56,4.52,4.52,166000,0
2017-10-25 00:00:00,4.54,4.6,4.52,4.54,546200,0
2017-10-27 00:00:00,4.56,4.56,4.54,4.54,246300,0
2017-10-30 00:00:00,4.56,4.56,4.48,4.5,92200,0
2017-10-31 00:00:00,4.52,4.54,4.48,4.48,114000,0
2017-11-01 00:00:00,4.5,4.5,4.38,4.38,348500,0
2017-11-02 00:00:00,4.38,4.4,4.12,4.24,1893800,0
2017-11-03 00:00:00,4.18,4.24,4.14,4.18,574900,0
2017-11-06 00:00:00,4.16,4.22,4.16,4.18,184600,0
2017-11-07 00:00:00,4.16,4.22,4.12,4.16,734900,0
2017-11-08 00:00:00,4.14,4.3,4.14,4.22,1022100,0
2017-11-09 00:00:00,5.0,5.0,4.66,4.76,5910500,0
2017-11-10 00:00:00,4.8,4.88,4.76,4.76,3067300,0
2017-11-13 00:00:00,4.76,4.9,4.76,4.84,2544500,0
2017-11-14 00:00:00,4.9,5.05,4.82,4.96,5565800,0
2017-11-15 00:00:00,5.05,5.05,4.92,4.94,3002900,0
2017-11-16 00:00:00,4.98,5.1,4.96,4.96,5897800,0
2017-11-17 00:00:00,4.98,5.1,4.96,4.96,2055100,0
2017-11-20 00:00:00,4.98,5.05,4.98,4.98,791700,0
2017-11-21 00:00:00,5.05,5.05,4.94,4.94,1445900,0
2017-11-22 00:00:00,4.96,5.0,4.92,4.96,1104600,0
2017-11-23 00:00:00,5.0,5.0,4.94,4.94,869900,0
2017-11-24 00:00:00,4.98,4.98,4.94,4.96,546400,0
2017-11-27 00:00:00,5.0,5.0,4.94,4.94,325800,0
2017-11-28 00:00:00,4.94,4.96,4.9,4.94,486000,0
2017-11-29 00:00:00,4.94,4.98,4.94,4.94,382400,0
2017-11-30 00:00:00,4.94,4.98,4.9,4.94,288800,0
2017-12-01 00:00:00,4.98,4.98,4.92,4.94,315200,0
2017-12-04 00:00:00,4.96,4.96,4.88,4.92,185800,0
2017-12-06 00:00:00,4.92,4.98,4.88,4.94,253100,0
2017-12-07 00:00:00,4.94,4.98,4.92,4.92,131800,0
2017-12-08 00:00:00,4.92,4.94,4.86,4.86,445400,0
2017-12-12 00:00:00,4.86,4.98,4.86,4.88,546600,0
2017-12-13 00:00:00,4.9,4.94,4.86,4.94,311800,0
2017-12-14 00:00:00,4.88,5.0,4.86,4.94,556600,0
2017-12-15 00:00:00,4.94,4.94,4.88,4.88,314200,0
2017-12-18 00:00:00,4.88,4.94,4.86,4.86,200700,0
2017-12-19 00:00:00,4.86,4.88,4.84,4.84,214400,0
2017-12-20 00:00:00,4.88,4.88,4.82,4.82,203600,0
2017-12-21 00:00:00,4.88,4.9,4.84,4.88,218400,0
2017-12-22 00:00:00,4.9,5.15,4.88,5.05,5432200,0
2017-12-25 00:00:00,5.1,5.15,4.98,4.98,2012700,0
2017-12-26 00:00:00,5.0,5.1,4.98,5.0,662200,0
2017-12-27 00:00:00,5.0,5.1,4.98,5.0,718100,0
2017-12-28 00:00:00,5.05,5.05,4.96,4.96,173800,0
2017-12-29 00:00:00,4.98,5.0,4.94,5.0,118300,0
2018-01-03 00:00:00,5.0,5.0,4.94,4.94,258100,0
2018-01-04 00:00:00,5.0,5.0,4.92,4.94,581100,0
2018-01-05 00:00:00,4.62,4.88,4.62,4.72,1789500,0
2018-01-08 00:00:00,4.68,4.74,4.64,4.66,1413800,0
2018-01-09 00:00:00,4.66,4.78,4.66,4.7,1087000,0
2018-01-10 00:00:00,4.72,4.8,4.66,4.76,1114200,0
2018-01-11 00:00:00,4.8,4.88,4.76,4.8,800400,0
2018-01-12 00:00:00,4.82,4.92,4.82,4.86,537900,0
2018-01-15 00:00:00,4.88,4.94,4.82,4.82,231500,0
2018-01-16 00:00:00,4.86,4.9,4.82,4.82,254400,0
2018-01-17 00:00:00,4.82,4.86,4.82,4.82,300800,0
2018-01-18 00:00:00,4.82,4.84,4.82,4.82,133900,0
2018-01-19 00:00:00,4.82,4.86,4.82,4.82,89900,0
2018-01-22 00:00:00,4.82,4.86,4.82,4.82,83200,0
2018-01-23 00:00:00,4.86,4.88,4.8,4.8,304200,0
2018-01-24 00:00:00,4.8,4.86,4.78,4.78,232200,0
2018-01-25 00:00:00,4.78,4.92,4.78,4.8,530000,0
2018-01-26 00:00:00,4.8,4.88,4.78,4.8,270100,0
2018-01-29 00:00:00,4.8,4.86,4.78,4.82,93600,0
2018-01-30 00:00:00,4.86,4.86,4.8,4.84,95900,0
2018-01-31 00:00:00,4.86,4.88,4.72,4.84,388800,0
2018-02-01 00:00:00,4.86,4.92,4.78,4.82,408900,0
2018-02-02 00:00:00,4.78,4.8,4.74,4.76,296700,0
2018-02-05 00:00:00,4.76,4.82,4.76,4.76,242200,0
2018-02-06 00:00:00,4.72,4.72,4.64,4.68,414400,0
2018-02-07 00:00:00,4.74,4.78,4.7,4.72,107900,0
2018-02-08 00:00:00,4.76,4.82,4.72,4.78,173100,0
2018-02-09 00:00:00,4.76,4.76,4.7,4.74,55000,0
2018-02-12 00:00:00,4.78,4.78,4.76,4.76,75900,0
2018-02-13 00:00:00,4.72,4.84,4.72,4.76,529200,0
2018-02-14 00:00:00,4.76,4.84,4.72,4.72,673600,0
2018-02-15 00:00:00,4.74,4.78,4.74,4.76,190000,0
2018-02-16 00:00:00,4.74,4.86,4.74,4.76,851200,0
2018-02-19 00:00:00,4.76,4.82,4.74,4.74,741400,0
2018-02-20 00:00:00,4.74,4.82,4.74,4.74,333900,0
2018-02-21 00:00:00,4.74,4.82,4.72,4.76,417300,0
2018-02-22 00:00:00,4.84,5.0,4.74,4.74,2075900,0
2018-02-23 00:00:00,4.76,4.8,4.74,4.76,384100,0
2018-02-26 00:00:00,4.78,4.8,4.72,4.74,237800,0
2018-02-27 00:00:00,4.76,4.76,4.74,4.76,128000,0
2018-02-28 00:00:00,4.76,4.78,4.72,4.72,236100,0
2018-03-02 00:00:00,4.74,4.76,4.72,4.72,112600,0
2018-03-05 00:00:00,4.76,4.76,4.68,4.72,125300,0
2018-03-06 00:00:00,4.74,4.78,4.66,4.68,462400,0
2018-03-07 00:00:00,4.68,4.7,4.64,4.68,77300,0
2018-03-08 00:00:00,4.68,4.68,4.64,4.64,36700,0
2018-03-09 00:00:00,4.66,4.68,4.32,4.46,164500,0
2018-03-12 00:00:00,4.46,4.54,4.46,4.5,141800,0
2018-03-13 00:00:00,4.52,4.58,4.52,4.56,108700,0
2018-03-14 00:00:00,4.56,4.6,4.56,4.58,49100,0
2018-03-15 00:00:00,4.58,4.6,4.58,4.6,10400,0
2018-03-16 00:00:00,4.6,4.6,4.56,4.6,145000,0
2018-03-19 00:00:00,4.6,4.6,4.56,4.6,72400,0
2018-03-20 00:00:00,4.58,4.58,4.58,4.58,82500,0
2018-03-21 00:00:00,4.58,4.62,4.58,4.58,80600,0
2018-03-22 00:00:00,4.6,4.6,4.56,4.56,25800,0
2018-03-23 00:00:00,4.56,4.56,4.56,4.56,57300,0
2018-03-26 00:00:00,4.6,4.6,4.56,4.58,11800,0
2018-03-27 00:00:00,4.58,4.6,4.58,4.58,17700,0
2018-03-28 00:00:00,4.54,4.58,4.54,4.54,19200,0
2018-03-29 00:00:00,4.54,4.54,4.52,4.52,77700,0
2018-03-30 00:00:00,4.54,4.54,4.5,4.5,61400,0
2018-04-02 00:00:00,4.54,4.56,4.42,4.44,175300,0
2018-04-03 00:00:00,4.44,4.46,4.42,4.46,48800,0
2018-04-04 00:00:00,4.44,4.52,4.42,4.42,141300,0
2018-04-05 00:00:00,4.4,4.44,4.38,4.44,84300,0
2018-04-09 00:00:00,4.42,4.42,4.38,4.42,73900,0
2018-04-10 00:00:00,4.46,4.46,4.4,4.42,60800,0
2018-04-11 00:00:00,4.44,4.5,4.42,4.42,70000,0
2018-04-12 00:00:00,4.48,4.48,4.42,4.46,69400,0
2018-04-17 00:00:00,4.48,4.48,4.44,4.48,179800,0
2018-04-18 00:00:00,4.04,4.1,4.0,4.08,171100,0
2018-04-19 00:00:00,4.28,4.28,4.1,4.12,130500,0
2018-04-20 00:00:00,4.16,4.16,4.08,4.08,44100,0
2018-04-23 00:00:00,4.12,4.14,4.1,4.1,17600,0
2018-04-24 00:00:00,4.1,4.1,4.06,4.08,42600,0
2018-04-25 00:00:00,4.08,4.08,4.0,4.0,118300,0
2018-04-26 00:00:00,3.96,4.0,3.94,3.94,126300,0
2018-04-27 00:00:00,3.9,3.96,3.86,3.86,130100,0
2018-04-30 00:00:00,3.82,3.84,3.74,3.78,94800,0
2018-05-02 00:00:00,3.76,3.78,3.7,3.74,110700,0
2018-05-03 00:00:00,3.7,3.72,3.68,3.7,150700,0
2018-05-04 00:00:00,3.7,3.7,3.66,3.68,138900,0
2018-05-07 00:00:00,3.66,3.88,3.66,3.66,438800,0
2018-05-08 00:00:00,3.7,3.7,3.58,3.62,288400,0
2018-05-09 00:00:00,3.62,3.62,3.6,3.6,200000,0
2018-05-10 00:00:00,3.62,3.76,3.62,3.62,791100,0
2018-05-11 00:00:00,3.62,3.74,3.62,3.74,740700,0
2018-05-14 00:00:00,3.72,3.78,3.58,3.64,652800,0
2018-05-15 00:00:00,3.62,3.64,3.58,3.64,146100,0
2018-05-16 00:00:00,3.64,3.66,3.6,3.62,296100,0
2018-05-17 00:00:00,3.64,3.64,3.6,3.6,210400,0
2018-05-18 00:00:00,3.6,3.62,3.6,3.62,56000,0
2018-05-21 00:00:00,3.6,3.6,3.58,3.6,69700,0
2018-05-22 00:00:00,3.6,3.6,3.58,3.6,124400,0
2018-05-23 00:00:00,3.6,3.68,3.6,3.64,344800,0
2018-05-24 00:00:00,3.64,3.64,3.6,3.6,260300,0
2018-05-25 00:00:00,3.6,3.62,3.6,3.62,60400,0
2018-05-28 00:00:00,3.6,3.6,3.56,3.6,147300,0
2018-05-30 00:00:00,3.58,3.6,3.54,3.58,93800,0
2018-05-31 00:00:00,3.6,3.6,3.5,3.5,55600,0
2018-06-01 00:00:00,3.54,3.56,3.5,3.54,53700,0
2018-06-04 00:00:00,3.54,3.54,3.52,3.54,159500,0
2018-06-05 00:00:00,3.58,3.58,3.5,3.52,95900,0
2018-06-06 00:00:00,3.5,3.56,3.5,3.52,37600,0
2018-06-07 00:00:00,3.56,3.56,3.5,3.54,13800,0
2018-06-08 00:00:00,3.52,3.52,3.5,3.52,66500,0
2018-06-11 00:00:00,3.5,3.52,3.5,3.52,2300,0
2018-06-12 00:00:00,3.5,3.52,3.5,3.5,41300,0
2018-06-13 00:00:00,3.52,3.52,3.48,3.48,23500,0
2018-06-14 00:00:00,3.5,3.5,3.42,3.46,40000,0
2018-06-15 00:00:00,3.46,3.48,3.42,3.42,91700,0
2018-06-18 00:00:00,3.42,3.44,3.4,3.4,35500,0
2018-06-19 00:00:00,3.4,3.4,3.3,3.3,330200,0
2018-06-20 00:00:00,3.26,3.26,3.2,3.22,138600,0
2018-06-21 00:00:00,3.38,3.38,3.24,3.24,92400,0
2018-06-22 00:00:00,3.22,3.3,3.2,3.22,572500,0
2018-06-25 00:00:00,3.24,3.28,3.16,3.22,111700,0
2018-06-26 00:00:00,3.26,3.26,3.2,3.22,50900,0
2018-06-27 00:00:00,3.14,3.22,2.94,3.16,212300,0
2018-06-28 00:00:00,3.18,3.18,2.96,3.1,214800,0
2018-06-29 00:00:00,3.04,3.08,3.04,3.06,106500,0
2018-07-02 00:00:00,3.06,3.1,3.0,3.08,119900,0
2018-07-03 00:00:00,3.0,3.08,3.0,3.04,87600,0
2018-07-04 00:00:00,3.06,3.06,3.0,3.0,121700,0
2018-07-05 00:00:00,3.04,3.04,3.0,3.02,154700,0
2018-07-06 00:00:00,3.02,3.06,3.02,3.06,130700,0
2018-07-09 00:00:00,3.08,3.08,3.02,3.04,125400,0
2018-07-10 00:00:00,3.02,3.06,3.02,3.06,67000,0
2018-07-11 00:00:00,3.04,3.12,3.0,3.0,167800,0
2018-07-12 00:00:00,3.04,3.22,3.04,3.06,737700,0
2018-07-13 00:00:00,3.08,3.2,3.08,3.08,535100,0
2018-07-16 00:00:00,3.1,3.1,3.06,3.08,130000,0
2018-07-17 00:00:00,3.08,3.1,3.06,3.08,30000,0
2018-07-18 00:00:00,3.08,3.12,3.08,3.1,76500,0
2018-07-19 00:00:00,3.1,3.1,3.08,3.08,63100,0
2018-07-20 00:00:00,3.14,3.22,3.08,3.1,1065700,0
2018-07-23 00:00:00,3.14,3.14,3.1,3.1,146000,0
2018-07-24 00:00:00,3.1,3.14,3.08,3.08,148700,0
2018-07-25 00:00:00,3.1,3.12,3.08,3.1,111200,0
2018-07-26 00:00:00,3.14,3.14,3.08,3.1,88700,0
2018-07-31 00:00:00,3.1,3.12,3.1,3.1,70500,0
2018-08-01 00:00:00,3.12,3.12,3.08,3.1,66400,0
2018-08-02 07:00:00,3.12,3.22,3.1,3.1,940700,0
2018-08-03 07:00:00,3.12,3.14,3.08,3.1,224300,0
2018-08-06 07:00:00,3.1,3.2,3.1,3.12,1223500,0
2018-08-07 07:00:00,3.14,3.14,3.1,3.1,132900,0
2018-08-08 07:00:00,3.12,3.12,3.1,3.12,28600,0
2018-08-09 07:00:00,3.12,3.16,3.1,3.12,388500,0
2018-08-10 07:00:00,3.12,3.14,3.08,3.12,195500,0
2018-08-14 07:00:00,3.08,3.1,3.06,3.1,124100,0
2018-08-15 07:00:00,3.1,3.14,3.06,3.08,306000,0
2018-08-16 07:00:00,3.08,3.12,3.08,3.1,41300,0
2018-08-17 07:00:00,3.12,3.12,3.1,3.1,127200,0
2018-08-20 07:00:00,3.1,3.18,3.1,3.12,304800,0
2018-08-21 07:00:00,3.14,3.22,3.14,3.14,658400,0
2018-08-22 07:00:00,3.16,3.18,3.14,3.14,262700,0
2018-08-23 07:00:00,3.18,3.32,3.16,3.22,2023800,0
2018-08-24 07:00:00,3.22,3.24,3.2,3.2,252300,0
2018-08-27 07:00:00,3.22,3.22,3.14,3.18,339800,0
2018-08-28 07:00:00,3.12,3.12,3.1,3.12,176300,0
2018-08-29 07:00:00,3.08,3.14,3.08,3.14,125800,0
2018-08-30 07:00:00,3.1,3.12,3.1,3.12,104600,0
2018-08-31 07:00:00,3.12,3.12,3.02,3.02,199800,0
2018-09-03 07:00:00,3.06,3.08,3.02,3.04,323500,0
2018-09-04 07:00:00,3.06,3.1,3.06,3.08,151100,0
2018-09-05 07:00:00,3.14,3.14,3.06,3.1,75600,0
2018-09-06 07:00:00,3.1,3.1,3.06,3.06,75600,0
2018-09-07 07:00:00,3.08,3.12,3.08,3.1,61200,0
